id_word,name,,
2,sagen,,
3,gehen,,
4,stehen,,
5,kommen,,
6,machen,,
7,liegen,,
8,lassen,,
9,finden,,
10,sehen,,
11,heiÃŸen,,
12,bleiben,,
13,gelten,,
14,zeigen,,
15,tun,,
16,hÃ¶ren,,
17,wissen,,
18,stellen,,
19,erklÃ¤ren,,
20,fÃ¼hren,,
21,halten,,
22,bringen,,
23,bestehen,,
24,bieten,,
25,beginnen,,
26,spielen,,
27,scheinen,,
28,nehmen,,
29,erhalten,,
30,gehÃ¶ren,,
31,setzen,,
32,handeln,,
33,sprechen,,
34,gewinnen,,
35,nennen,,
36,erreichen,,
37,meinen,,
38,wÃ¤hlen,,
39,verlieren,,
40,berichten,,
41,planen,,
42,bekommen,,
43,brauchen,,
44,befinden,,
45,erzÃ¤hlen,,
46,laufen,,
47,teilen,,
48,fallen,,
49,schaffen,,
50,ziehen,,
51,fehlen,,
52,verwenden,,
53,verletzen,,
54,einsetzen,,
55,treffen,,
56,bedeuten,,
57,betonen,,
58,schreiben,,
59,treten,,
60,gelingen,,
61,grÃ¼nden,,
62,entscheiden,,
63,laden,,
64,aufnehmen,,
65,gebÃ¤ren,,
66,verkaufen,,
67,glauben,,
68,bekennen,,
69,fordern,,
70,tragen,,
71,leben,,
72,entwickeln,,
73,feiern,,
74,schlieÃŸen,,
75,bezeichnen,,
76,nutzen,,
77,erwarten,,
78,leisten,,
79,erkennen,,
80,erinnern,,
81,arbeiten,,
82,bauen,,
83,anbieten,,
84,denken,,
85,verhindern,,
86,einladen,,
87,suchen,,
88,vertreten,,
89,zÃ¤hlen,,
90,stammen,,
91,entstehen,,
92,kennen,,
93,Ã¤ndern,,
94,Ã¼bernehmen,,
95,helfen,,
96,reichen,,
97,betragen,,
98,reden,,
99,lernen,,
100,legen,,
101,Ã¶ffnen,,
102,kosten,,
103,beschlieÃŸen,,
104,erwÃ¤hnen,,
105,beteiligen,,
106,fahren,,
107,erÃ¶ffnen,,
108,stimmen,,
109,abschlieÃŸen,,
110,folgen,,
111,verÃ¶ffentlichen,,
112,steigen,,
113,wirken,,
114,sterben,,
115,fragen,,
116,lauten,,
117,erscheinen,,
118,versuchen,,
119,entdecken,,
120,vorstellen,,
121,passieren,,
122,sitzen,,
123,verstehen,,
124,entsprechen,,
125,ankÃ¼ndigen,,
126,kÃ¼ndigen,,
127,hoffen,,
128,freuen,,
129,sorgen,,
130,diskutieren,,
131,weisen,,
132,durchfÃ¼hren,,
133,tÃ¶ten,,
134,erfahren,,
135,drohen,,
136,verzichten,,verzichten
137,erhÃ¶hen,,
138,gefallen,,
139,starten,,
140,behandeln,,
141,enthalten,,
142,bestÃ¤tigen,,
143,lesen,,
144,einstellen,,
145,betreffen,,
146,unterstÃ¼tzen,,
147,beschÃ¤ftigen,,
148,annehmen,,
149,beenden,,
150,bilden,,
151,mitteilen,,
152,errichten,,
153,ablehnen,,
154,zahlen,,
155,erfolgen,,
156,besitzen,,
157,erzielen,,
158,vorsehen,,
159,verpflichten,,verpflichten
160,abrufen,,
161,httpen,,
162,verurteilen,,
163,hÃ¤ngen,,
164,rechnen,,
165,verlangen,,
166,sperren,,
167,+49en,,
168,ersetzen,,
169,auszeichnen,,
170,schlagen,,
171,erlauben,,
172,wechseln,,
173,prÃ¤sentieren,,
174,holen,,
175,bezahlen,,
176,geraten,,
177,bestimmen,,
178,klingen,,
179,dienen,,
180,darstellen,,
181,herrschen,,
182,einfÃ¼hren,,
183,einrichten,,
184,verbessern,,
185,melden,,
186,erleben,,
187,verfÃ¼gen,,
188,warten,,
189,zerstÃ¶ren,,
190,verlassen,,
191,funktionieren,,
192,prÃ¤gen,,
193,beschreiben,,
194,feststellen,,
195,rufen,,
196,umsetzen,,
197,informieren,,
198,bitten,,
199,lÃ¶sen,,
200,ermitteln,,
201,schliessen,,
202,kaufen,,
203,belegen,,
204,aufbauen,,
205,studieren,,
206,passen,,
207,verbieten,,
208,verdienen,,
209,verteilen,,
210,vermeiden,,
211,wachsen,,
212,aufstellen,,
213,verÃ¤ndern,,
214,ausschlieÃŸen,,
215,fÃ¶rdern,,
216,stecken,,
217,besuchen,,
218,sichern,,
219,gestalten,,
220,dauern,,
221,erlÃ¤utern,,
222,antreten,,
223,stattfinden,,
224,enden,,
225,werfen,,
226,schÃ¼tzen,,
227,vorbereiten,,
228,vergeben,,
229,erfÃ¼llen,,
230,retten,,
231,fÃ¼hlen,,
232,besetzen,,
233,vornehmen,,
234,benennen,,
235,verabschieden,,
236,veranstalten,,
237,ergeben,,
238,versprechen,,
239,organisieren,,
240,herstellen,,
241,kritisieren,,
242,schauen,,
243,anlegen,,
244,festnehmen,,
245,verbinden,,
246,kÃ¤mpfen,,
247,betreiben,,
248,leiten,,
249,aussprechen,,
250,reagieren,,
251,vergessen,,
252,bewegen,,
253,h.,,
254,erheben,,
255,scheitern,,
256,benutzen,,
257,festlegen,,
258,ernennen,,
259,ansprechen,,
260,klÃ¤ren,,
261,verleihen,,
262,ermÃ¶glichen,,
263,vorlegen,,
264,betreuen,,
265,verlegen,,
266,verschieben,,
267,teilnehmen,,
268,sparen,,
269,finanzieren,,
270,richten,,
271,gefÃ¤hrden,,
272,ausbauen,,
273,berÃ¼cksichtigen,,
274,prÃ¼fen,,
275,beziehen,,
276,Ã¼bertragen,,
277,warnen,,
278,kehren,,
279,austragen,,
280,auffÃ¼hren,,
281,beobachten,,
282,loben,,
283,auffordern,,
284,zwingen,,
285,aussetzen,,
286,grÃ¼nen,,
287,durchsetzen,,
288,reduzieren,,
289,begleiten,,
290,auslÃ¶sen,,
291,Ã¼berzeugen,,
292,vorwerfen,,
293,ausstatten,,
294,wÃ¼nschen,,
295,erweitern,,
296,abgeben,,
297,brechen,,
298,umfassen,,
299,greifen,,
300,zustimmen,,
301,lÃ¶schen,,
302,produzieren,,
303,aufheben,,
304,hinweisen,,
305,zeichnen,,
306,stÃ¤rken,,
307,unterbringen,,
308,formulieren,,
309,interessieren,,
310,geschehen,,
311,vorschlagen,,
312,ehren,,
313,beschÃ¤digen,,
314,engagieren,,
315,{en,,
316,behalten,,
317,verlÃ¤ngern,,
318,erstellen,,
319,investieren,,
320,sammeln,,
321,verweisen,,
322,fortsetzen,,
323,absolvieren,,
324,gibt'sen,,
325,vermitteln,,
326,aussehen,,
327,spÃ¼ren,,
328,siegen,,
329,streichen,,
330,landen,,
331,anbringen,,
332,begrÃ¼nden,,
333,bereiten,,
334,untersuchen,,
335,googln,,
336,ansehen,,
337,erwerben,,
338,aufrufen,,
339,anerkennen,,
340,liefern,,
341,betrachten,,
342,stehlen,,
343,erleiden,,
344,Ã¼bergeben,,
345,erledigen,,
346,vereinbaren,,
347,empfehlen,,
348,Ã¤uÃŸern,,
349,fÃ¤llen,,
350,entlassen,,
351,singen,,
352,drehen,,
353,schÃ¤tzen,,
354,schicken,,
355,sein,,
356,verschwinden,,
357,benÃ¶tigen,,
358,behaupten,,
359,beraten,,
360,ergÃ¤nzen,,
361,beantragen,,
362,angehen,,
363,blicken,,
364,verfolgen,,
365,verlaufen,,
366,auflÃ¶sen,,
367,kÃ¼mmern,,
368,wohnen,,
369,lehnen,,
370,beweisen,,
371,konzentrieren,,
372,stoÃŸen,,
373,ansagen,,
374,stÃ¼rzen,,
375,senken,,
376,beantworten,,
377,bestellen,,
378,/wwwen,,
379,sinken,,
380,absehen,,
381,steigern,,
382,hinnehmen,,
383,aufgeben,,
384,trainieren,,
385,eingehen,,
386,ausgeben,,
387,beitragen,,
388,existieren,,
389,kontrollieren,,
390,zulassen,,
391,heiraten,,
392,Ã¼berprÃ¼fen,,
393,ankommen,,
394,regeln,,
395,anmelden,,
396,erschieÃŸen,,
397,ausgehen,,
398,akzeptieren,,
399,heben,,
400,erarbeiten,,
401,unterscheiden,,
402,erweisen,,
403,leiden,,
404,fassen,,
405,unterliegen,,
406,versorgen,,
407,erzeugen,,
408,ausfÃ¼hren,,
409,einleiten,,
410,genehmigen,,
411,danken,,
412,realisieren,,
413,verhandeln,,
414,Ã¼bersetzen,,
415,verhaften,,
416,auftreten,,
417,versetzen,,
418,registrieren,,
419,Ã¼berraschen,,
420,flieÃŸen,,
421,rÃ¤umen,,
422,verteidigen,,
423,einbringen,,
424,lohnen,,
425,stoppen,,
426,erteilen,,
427,profitieren,,
428,bemÃ¼hen,,
429,fÃ¼gen,,
430,beschliessen,,
431,hinterlassen,,
432,trennen,,
433,essen,,
434,reisen,,
435,begeistern,,
436,treiben,,
437,linken,,
438,nachweisen,,
439,auffallen,,
440,Ã¼berlassen,,
441,zitieren,,
442,entfernen,,
443,nominieren,,
444,vorliegen,,
445,abbauen,,
446,definieren,,
447,bedÃ¼rfen,,
448,verantworten,,
449,ausfallen,,
450,gelangen,,
451,verbringen,,
452,einbauen,,
453,einreichen,,
454,ausstellen,,
455,begehen,,
456,ausbilden,,
457,bewÃ¤ltigen,,
458,unterhalten,,
459,ermorden,,
460,vermuten,,
461,widmen,,
462,verbreiten,,
463,wahrnehmen,,
464,lieben,,
465,schieÃŸen,,
466,lachen,,
467,fliegen,,
468,verursachen,,
469,sanieren,,
470,anpassen,,
471,beauftragen,,
472,absagen,,
473,schildern,,
474,qualifizieren,,
475,anfangen,,
476,rÃ¼cken,,
477,begrÃ¼ÃŸen,,
478,verdanken,,
479,genieÃŸen,,
480,integrieren,,
481,messen,,
482,schiessen,,
483,ausrichten,,
484,sicherstellen,,
485,festhalten,,
486,geht'sen,,
487,anschlieÃŸen,,
488,befÃ¼rchten,,
489,verraten,,
490,versichern,,
491,sodassen,,
492,konfrontieren,,
493,fÃ¼llen,,
494,gewÃ¤hren,,
495,bewahren,,
496,raten,,
497,bestreiten,,
498,auswÃ¤hlen,,
499,umbauen,,
500,einfÃ¼gen,,
501,abstimmen,,
502,Ã¼berschreiten,,
503,wiederholen,,
504,einigen,,
505,erfassen,,
506,erwischen,,
507,werben,,
508,bedrohen,,
509,gewÃ¤hrleisten,,
510,abreiÃŸen,,
511,locken,,
512,zusagen,,
513,stÃ¶ren,,
514,pflegen,,
515,erbauen,,
516,bedingen,,
517,unterzeichnen,,
518,berufen,,
519,befreien,,
520,ansetzen,,
521,kommentieren,,
522,binden,,
523,alt.en,,
524,beachten,,
525,verheiraten,,
526,zurÃ¼ckziehen,,
527,erneuern,,
528,wenden,,
529,drÃ¼cken,,
530,einschrÃ¤nken,,
531,erfinden,,
532,verschaffen,,
533,basieren,,
534,merken,,
535,tauchen,,
536,versehen,,
537,belohnen,,
538,angreifen,,
539,verzeichnen,,
540,begegnen,,
541,abbrechen,,
542,deuten,,
543,unternehmen,,
544,drÃ¤ngen,,
545,zurÃ¼ckkehren,,
546,ansiedeln,,
547,herausgeben,,
548,streiten,,
549,anordnen,,
550,beinhalten,,
551,achten,,
552,ausweisen,,
553,korrigieren,,
554,zuordnen,,
555,antworten,,
556,verstÃ¤rken,,
557,bemerken,,
558,klagen,,
559,mitmachen,,
560,Ã¼berwinden,,
561,springen,,
562,unterbrechen,,
563,einbeziehen,,
564,bekÃ¤mpfen,,
565,empfangen,,
566,installieren,,
567,einhalten,,
568,fertigstellen,,
569,kÃ¼rzen,,
570,anzeigen,,
571,einweihen,,
572,genÃ¼gen,,
573,bedenken,,
574,erleichtern,,
575,rechen,,
576,verpassen,,
577,beeinflussen,,
578,anfÃ¼hren,,
579,vergleichen,,
580,bestrafen,,
581,unterschreiben,,
582,fÃ¼rchten,,
583,umbenennen,,
584,fangen,,
585,verstarb,,
586,unterrichten,,
587,weitergehen,,
588,testen,,
589,aufwachsen,,
590,beurteilen,,
591,einrÃ¤umen,,
592,belasten,,
593,trinken,,
594,einbinden,,
595,zukommen,,
596,vertreiben,,
597,erstrecken,,
598,aufkommen,,
599,abschaffen,,
600,dokumentieren,,
601,bewerten,,
602,schenken,,
603,ablÃ¶sen,,
604,beruhen,,
605,beseitigen,,
606,beschrÃ¤nken,,
607,Ã¼berarbeiten,,
608,verarbeiten,,
609,einstufen,,
610,beklagen,,
611,zunehmen,,
612,Ã¼berreichen,,
613,bearbeiten,,
614,befassen,,
615,nachvollziehen,,
616,zurÃ¼ckweisen,,
617,zurÃ¼ckgehen,,
618,tanzen,,
619,kennzeichnen,,
620,bedanken,,
621,unterstreichen,,
622,klappen,,
623,zusammenstellen,,
624,bekrÃ¤ftigen,,
625,aufteilen,,
626,widersprechen,,
627,beeindrucken,,
628,umwandeln,,
629,eintragen,,
630,befÃ¶rdern,,
631,auslegen,,
632,verschÃ¤rfen,,
633,heissen,,
634,verstecken,,
635,verkÃ¼nden,,
636,bedienen,,
637,demonstrieren,,
638,angehÃ¶ren,,
639,ereignen,,
640,vermÃ¶gen,,
641,austauschen,,
642,grenzen,,
643,umgehen,,
644,vortragen,,
645,erlassen,,
646,zusammenfassen,,
647,rechtfertigen,,
648,Ã¤rgern,,
649,umgeben,,
650,unterstellen,,
651,absetzen,,
652,anklagen,,
653,Ã¼ben,,
654,streben,,
655,abhalten,,
656,entschlieÃŸen,,
657,erhoffen,,
658,vorkommen,,
659,scheiden,,
660,##en,,
661,besichtigen,,
662,entwerfen,,
663,garantieren,,
664,abnehmen,,
665,vollziehen,,
666,gestehen,,
667,einziehen,,
668,weg.en,,
669,ausliefern,,
670,entgehen,,
671,mitbringen,,
672,bewÃ¤hren,,
673,besprechen,,
674,etablieren,,
675,entnehmen,,
676,bedauern,,
677,freigeben,,
678,verweigern,,
679,ausstrahlen,,
680,verringern,,
681,verfassen,,
682,anschauen,,
683,ausschreiben,,
684,abwarten,,
685,fertigen,,
686,empfinden,,
687,transportieren,,
688,tagen,,
689,prallen,,
690,ausrÃ¼sten,,
691,wagen,,
692,erfordern,,
693,wÃ¼rdigen,,
694,einnehmen,,
695,ausverkaufen,,
696,zusammenarbeiten,,
697,befragen,,
698,spannen,,
699,nachdenken,,
700,reiÃŸen,,
701,spiegeln,,
702,ausscheiden,,
703,kassieren,,
704,entziehen,,
705,eintreten,,
706,Ã¼berleben,,
707,liessen,,
708,werten,,
709,anstellen,,
710,kriegen,,
711,begraben,,
712,notieren,,
713,angeben,,
714,verwickeln,,
715,einfallen,,
716,plÃ¤dieren,,
717,aufgreifen,,
718,flÃ¼chten,,
719,verankern,,
720,verwandeln,,
721,verdoppeln,,
722,ausÃ¼ben,,
723,blockieren,,
724,Ã¼berlegen,,
725,berechnen,,
726,wundern,,
727,anheben,,
728,orientieren,,
729,begreifen,,
730,wehren,,
731,besiegen,,
732,gastieren,,
733,}en,,
734,bergen,,
735,inszenieren,,
736,"style=""coloren",,
737,gab'sen,,
738,verwirklichen,,
739,bescheren,,
740,decken,,
741,mÃ¼nden,,
742,verhalten,,
743,anmessen,,
744,schwÃ¤rmen,,
745,ablegen,,
746,brennen,,
747,abstellen,,
748,ergreifen,,
749,spenden,,
750,beherrschen,,
751,anregen,,
752,Ã¼berfordern,,
753,mithalten,,
754,schlafen,,
755,ausdrÃ¼cken,,
756,zurÃ¼ckgreifen,,
757,entlasten,,
758,speichern,,
759,renovieren,,
760,bekanntgeben,,
761,weihen,,
762,aufbringen,,
763,interpretieren,,
764,ausmachen,,
765,vergehen,,
766,nÃ¼tzen,,
767,einlegen,,
768,steuern,,
769,drucken,,
770,abholen,,
771,einliefern,,
772,kandidieren,,
773,konzipieren,,
774,eingreifen,,
775,verstorben,,
776,malen,,
777,kennenlernen,,
778,anwenden,,
779,beibehalten,,
780,kÃ¼ren,,
781,verbrennen,,
782,untersagen,,
783,klettern,,
784,aufweisen,,
785,stÃ¼tzen,,
786,erbringen,,
787,punken,,
788,aufbrechen,,
789,rollen,,
790,trÃ¤umen,,
791,aufhÃ¶ren,,
792,verstÃ¤ndigen,,
793,schmecken,,
794,wehen,,
795,gleichen,,
796,antun,,
797,vorgehen,,
798,signalisieren,,
799,ausbrechen,,
800,auflegen,,
801,vorfÃ¼hren,,
802,einschlagen,,
803,bewundern,,
804,verhÃ¤ngen,,
805,mahnen,,
806,eignen,,
807,mitnehmen,,
808,missbrauchen,,
809,Ã¼berstehen,,
810,zurÃ¼cktreten,,
811,erringen,,
812,aufklÃ¤ren,,
813,bewirken,,
814,ertragen,,
815,aussuchen,,
816,bereitstellen,,
817,verlinken,,
818,verkraften,,
819,belaufen,,
820,|en,,
821,strahlen,,
822,belieben,,
823,Ã¼berweisen,,
824,erschlieÃŸen,,
825,aufhalten,,
826,aufstocken,,
827,rutschen,,
828,operieren,,
829,hinzufÃ¼gen,,
830,bewerben,,
831,verbuchen,,
832,analysieren,,
833,Ã¼bertreffen,,
834,anreisen,,
835,stationieren,,
836,appellieren,,
837,wiegen,,
838,entfallen,,
839,voraussetzen,,
840,auswirken,,
841,versammeln,,
842,identifizieren,,
843,verbergen,,
844,schieben,,
845,abziehen,,
846,bewilligen,,
847,berÃ¼hren,,
848,ignorieren,,
849,entfÃ¼hren,,
850,Ã¼bertreiben,,
851,abschneiden,,
852,agieren,,
853,sichten,,
854,reissen,,
855,auskommen,,
856,gebrauchen,,
857,Ã¼bersehen,,
858,Ã¼berfÃ¼hren,,
859,bevorzugen,,
860,einschalten,,
861,protestieren,,
862,regieren,,
863,beisetzen,,
864,ableiten,,
865,ausweiten,,
866,auftauchen,,
867,lehren,,
868,ruhen,,
869,packen,,
870,promovieren,,
871,vermessen,,
872,schweben,,
873,beruhigen,,
874,erstatten,,
875,zulegen,,
876,anstreben,,
877,verkÃ¼rzen,,
878,wecken,,
879,gratulieren,,
880,vorschreiben,,
881,wahren,,
882,entkommen,,
883,zugeben,,
884,gestatten,,
885,lÃ¤cheln,,
886,einbrechen,,
887,erobern,,
888,heranziehen,,
889,erlangen,,
890,verdrÃ¤ngen,,
891,ablaufen,,
892,anrufen,,
893,bezwingen,,
894,einplanen,,
895,offenbaren,,
896,beeintrÃ¤chtigen,,
897,montieren,,
898,winken,,
899,weitergeben,,
900,vereinzeln,,
901,spekulieren,,
902,umstellen,,
903,verknÃ¼pfen,,
904,regen,,
905,auflisten,,
906,servieren,,
907,zusprechen,,
908,trauen,,
909,zielen,,
910,andeuten,,
911,hinrunden,,
912,ausreichen,,
913,reservieren,,
914,erschÃ¼ttern,,
915,anbauen,,
916,auswerten,,
917,abgewickeln,,
918,unterteilen,,
919,veranschlagen,,
920,erwirtschaften,,
921,vereinen,,
922,hinrichten,,
923,zusammenschlieÃŸen,,
924,unterschÃ¤tzen,,
925,entschuldigen,,
926,verlagern,,
927,abweisen,,
928,ausarbeiten,,
929,weiterfÃ¼hren,,
930,versagen,,
931,vernachlÃ¤ssigen,,
932,abbilden,,
933,beschleunigen,,
934,umbringen,,
935,bremsen,,
936,antworen,,
937,verbrauchen,,
938,Ã¼berliefern,,
939,wiederwÃ¤hlen,,
940,fliehen,,
941,zuziehen,,
942,einsparen,,
943,besagen,,
944,ausweichen,,
945,entwenden,,
946,verwalten,,
947,/den,,
948,abdecken,,
949,verhelfen,,
950,einsteigen,,
951,zeugen,,
952,anrichten,,
953,missen,,
954,verkÃ¶rpern,,
955,schaden,,
956,aufpassen,,
957,redirecen,,
958,eintreffen,,
959,markieren,,
960,Ã¤hneln,,
961,motivieren,,
962,ausgleichen,,
963,spezialisieren,,
964,argumentieren,,
965,vorweisen,,
966,verschreiben,,
967,auseinandersetzen,,
968,buchen,,
969,vertrauen,,
970,beschuldigen,,
971,betreten,,
972,Ã¼berwachen,,
973,befestigen,,
974,entsorgen,,
975,anknÃ¼pfen,,
976,restaurieren,,
977,anziehen,,
978,mangeln,,
979,absichern,,
980,schneiden,,
981,leuchten,,
982,weiterentwickeln,,
983,anhalten,,
984,dominieren,,
985,freisprechen,,
986,erÃ¶rtern,,
987,beheben,,
988,urteilen,,
989,verÃ¼ben,,
990,zuschreiben,,
991,hervorgehen,,
992,mitspielen,,
993,publizieren,,
994,Ã¼berfallen,,
995,schweigen,,
996,senden,,
997,rÃ¼sten,,
998,verschonen,,
999,auszahlen,,
1000,aufzeigen,,
1001,lenken,,
1002,auffinden,,
1003,praktizieren,,
1004,berechtigen,,
1005,nachlesen,,
1006,freilassen,,
1007,einholen,,
1008,ausnehmen,,
1009,fungieren,,
1010,festschreiben,,
1011,schleudern,,
1012,beziffern,,
1013,fixieren,,
1014,verschlechtern,,
1015,wandern,,
1016,ansteigen,,
1017,lagern,,
1018,begnÃ¼gen,,
1019,stilllegen,,
1020,inspirieren,,
1021,einteilen,,
1022,vollenden,,
1023,festsetzen,,
1024,entfalten,,
1025,kochen,,
1026,weiÃŸen,,
1027,mischen,,
1028,entspringen,,
1029,herausfinden,,
1030,verdeutlichen,,
1031,erholen,,
1032,schwÃ¤chen,,
1033,vorbehalten,,
1034,vorgeben,,
1035,erfreuen,,
1036,vernichten,,
1037,werden,,
1038,einkaufen,,
1039,aufsteigen,,
1040,ordnen,,
1041,anfahren,,
1042,fÃ¤rben,,
1043,anschaffen,,
1044,bedecken,,
1045,bezweifeln,,
1046,alarmieren,,
1047,erkranken,,
1048,vergrÃ¶ÃŸern,,
1049,beschlagnahmen,,
1050,beleuchten,,
1051,knÃ¼pfen,,
1052,erschweren,,
1053,dringen,,
1054,nÃ¤hern,,
1055,darlegen,,
1056,versteigern,,
1057,anfertigen,,
1058,ersparen,,
1059,schmÃ¼cken,,
1060,eingliedern,,
1061,pflanzen,,
1062,stiften,,
1063,rÃ¼hren,,
1064,begrenzen,,
1065,entschliessen,,
1066,abschieben,,
1067,gliedern,,
1068,unterziehen,,
1069,aufbewahren,,
1070,schwimmen,,
1071,meistern,,
1072,verwerfen,,
1073,riechen,,
1074,begeben,,
1075,thematisieren,,
1076,abschreiben,,
1077,ausdenken,,
1078,zuschlagen,,
1079,vorantreiben,,
1080,vermissen,,
1081,reparieren,,
1082,hinterlÃ¤sen,,
1083,erkunden,,
1084,zuteilen,,
1085,einspielen,,
1086,ausschÃ¶pfen,,
1087,op.en,,
1088,zusichern,,
1089,verwehren,,
1090,ausleihen,,
1091,taufen,,
1092,reprÃ¤sentieren,,
1093,platzieren,,
1094,gewÃ¶hnen,,
1095,isolieren,,
1096,blÃ¼hen,,
1097,versÃ¤umen,,
1098,zurÃ¼ckblicken,,
1099,kompensieren,,
1100,indexen,,
1101,weigern,,
1102,benachteiligen,,
1103,beschaffen,,
1104,einarbeiten,,
1105,moderieren,,
1106,weichen,,
1107,unterwerfen,,
1108,einstecken,,
1109,vertagen,,
1110,krÃ¶nen,,
1111,aufgehen,,
1112,einfahren,,
1113,ausprobieren,,
1114,ausrufen,,
1115,nachgehen,,
1116,weiterleiten,,
1117,hervorheben,,
1118,verfehlen,,
1119,verwechseln,,
1120,Ã¼berdenken,,
1121,herausstellen,,
1122,bangen,,
1123,weitermachen,,
1124,dementieren,,
1125,billigen,,
1126,zuweisen,,
1127,schreien,,
1128,anfordern,,
1129,zusammentragen,,
1130,verstoÃŸen,,
1131,veranlassen,,
1132,verkehren,,
1133,vermarkten,,
1134,vernehmen,,
1135,platzen,,
1136,Ã¼berziehen,,
1137,spÃ¤t.en,,
1138,erregen,,
1139,aushandeln,,
1140,anschlagen,,
1141,auslasten,,
1142,befÃ¼rworten,,
1143,recherchieren,,
1144,mitwirken,,
1145,beherbergen,,
1146,kombinieren,,
1147,spalten,,
1148,erwÃ¤gen,,
1149,mobilisieren,,
1150,besorgen,,
1151,basteln,,
1152,avancieren,,
1153,sprengen,,
1154,beabsichtigen,,
1155,einschÃ¤tzen,,
1156,gucken,,
1157,fortfÃ¼hren,,
1158,geniessen,,
1159,nachfragen,,
1160,wiedergeben,,
1161,behindern,,
1162,attackieren,,
1163,verlauten,,
1164,verschicken,,
1165,vermerken,,
1166,vergewaltigen,,
1167,abschalten,,
1168,absprechen,,
1169,initiieren,,
1170,zurÃ¼ckgeben,,
1171,resÃ¼mieren,,
1172,umgestalten,,
1173,auswechseln,,
1174,tÃ¤tigen,,
1175,zusammensetzen,,
1176,sport@dpaten,,
1177,verbannen,,
1178,antreiben,,
1179,kleiden,,
1180,erforschen,,
1181,erliegen,,
1182,zusehen,,
1183,einsehen,,
1184,schwingen,,
1185,verpacken,,
1186,betrÃ¼gen,,
1187,regnen,,
1188,thaten,,
1189,zufÃ¼hren,,
1190,durchsuchen,,
1191,erzwingen,,
1192,ausbuchen,,
1193,wegfallen,,
1194,betrauen,,
1195,wiederherstellen,,
1196,neigen,,
1197,einflieÃŸen,,
1198,unterlegen,,
1199,erwecken,,
1200,wandeln,,
1201,verschleppen,,
1202,erahnen,,
1203,stabilisieren,,
1204,zurÃ¼cknehmen,,
1205,prognostizieren,,
1206,jubeln,,
1207,ernten,,
1208,inhaftieren,,
1209,verkleiden,,
1210,kooperieren,,
1211,ahnen,,
1212,reinigen,,
1213,bewohnen,,
1214,debattieren,,
1215,konstruieren,,
1216,eingemeinden,,
1217,unterbinden,,
1218,bescheinigen,,
1219,komponieren,,
1220,beilegen,,
1221,schimpfen,,
1222,titelen,,
1223,zugehen,,
1224,ausdehnen,,
1225,besiedeln,,
1226,umleiten,,
1227,ergehen,,
1228,beheimaten,,
1229,prophezeien,,
1230,taugen,,
1231,kontern,,
1232,dotieren,,
1233,irritieren,,
1234,fotografieren,,
1235,verschlieÃŸen,,
1236,beschweren,,
1237,schÃ¶pfen,,
1238,anhÃ¶ren,,
1239,anzÃ¼nden,,
1240,ausspielen,,
1241,verfallen,,
1242,loswerden,,
1243,modernisieren,,
1244,erbeten,,
1245,schrumpfen,,
1246,foto@dpaten,,
1247,bestaunen,,
1248,auflaufen,,
1249,verbauen,,
1250,erwachsen,,
1251,abschliessen,,
1252,anlangen,,
1253,programmieren,,
1254,ausrÃ¤umen,,
1255,einlassen,,
1256,widerlegen,,
1257,schulen,,
1258,belassen,,
1259,hervorrufen,,
1260,anlaufen,,
1261,abhÃ¤ngen,,
1262,glÃ¤nzen,,
1263,zurÃ¼ckfÃ¼hren,,
1264,al.en,,
1265,distanzieren,,
1266,vermieten,,
1267,erklingen,,
1268,bannen,,
1269,glÃ¼cken,,
1270,kopieren,,
1271,provozieren,,
1272,niederlegen,,
1273,beleben,,
1274,zubereiten,,
1275,bilanzieren,,
1276,schÃ¼tteln,,
1277,shifen,,
1278,schulden,,
1279,versenken,,
1280,erkÃ¤mpfen,,
1281,verzÃ¶gern,,
1282,bemÃ¤ngeln,,
1283,vi.en,,
1284,evakuieren,,
1285,umrahmen,,
1286,zurÃ¼cklegen,,
1287,formen,,
1288,Ã¼bermitteln,,
1289,verscheiden,,
1290,ernÃ¤hren,,
1291,aufdecken,,
1292,verdammen,,
1293,titln,,
1294,entgegennehmen,,
1295,aussteigen,,
1296,/dpaqen,,
1297,anbelangen,,
1298,backen,,
1299,verliegen,,
1300,Ã¼berqueren,,
1301,beschimpfen,,
1302,brÃ¤uchen,,
1303,befreunden,,
1304,eindringen,,
1305,kosen,,
1306,kommunizieren,,
1307,jagen,,
1308,exportieren,,
1309,toben,,
1310,verlieben,,
1311,tÃ¤uschen,,
1312,klauen,,
1313,vorziehen,,
1314,koppeln,,
1315,entspannen,,
1316,ablesen,,
1317,quellen,,
1318,zieren,,
1319,koordinieren,,
1320,debÃ¼tieren,,
1321,fesseln,,
1322,datieren,,
1323,ahnden,,
1324,aufzeichnen,,
1325,aufregen,,
1326,teilhaben,,
1327,krachen,,
1328,bekunden,,
1329,verdÃ¤chtigen,,
1330,schÃ¤digen,,
1331,zusammenkommen,,
1332,gieÃŸen,,
1333,schalten,,
1334,besiegeln,,
1335,zufÃ¼gen,,
1336,bekleiden,,
1337,riskieren,,
1338,unterbreiten,,
1339,vertiefen,,
1340,Ã¼bergehen,,
1341,kippen,,
1342,stÃ¼rmen,,
1343,einbetten,,
1344,probieren,,
1345,deifen,,
1346,einfinden,,
1347,zuhÃ¶ren,,
1348,bÃ¼ndeln,,
1349,verehren,,
1350,zweifeln,,
1351,heimsuchen,,
1352,zusammenlegen,,
1353,tÃ¶nen,,
1354,abstÃ¼rzen,,
1355,ausnutzen,,
1356,hindern,,
1357,erschlagen,,
1358,wenn'sen,,
1359,ausbreiten,,
1360,aktualisieren,,
1361,einstudieren,,
1362,respektieren,,
1363,rennen,,
1364,zuschneiden,,
1365,loen,,
1366,nachkommen,,
1367,verwÃ¶hnen,,
1368,grÃ¼ÃŸen,,
1369,boomen,,
1370,beanspruchen,,
1371,opfern,,
1372,profilieren,,
1373,infizieren,,
1374,aussagen,,
1375,verschweigen,,
1376,auslagern,,
1377,timen,,
1378,hrsg.,,
1379,aufwerten,,
1380,bestÃ¼cken,,
1381,verfahren,,
1382,beschieÃŸen,,
1383,mitreden,,
1384,entschÃ¤rfen,,
1385,Ã¼berholen,,
1386,importieren,,
1387,halbieren,,
1388,foltern,,
1389,komplizieren,,
1390,entsenden,,
1391,begÃ¼nstigen,,
1392,aufhÃ¤ngen,,
1393,erziehen,,
1394,suspendieren,,
1395,vereinigen,,
1396,absegnen,,
1397,referieren,,
1398,ausschalten,,
1399,einsperren,,
1400,hinterfragen,,
1401,stechen,,
1402,umziehen,,
1403,spazieren,,
1404,nachholen,,
1405,verlosen,,
1406,abtrennen,,
1407,anwachsen,,
1408,abliefern,,
1409,erwidern,,
1410,anbinden,,
1411,aufarbeiten,,
1412,manipulieren,,
1413,rauchen,,
1414,verfilmen,,
1415,hervorbringen,,
1416,schmunzeln,,
1417,ermÃ¤ÃŸigen,,
1418,nachsagen,,
1419,verordnen,,
1420,unterlaufen,,
1421,stossen,,
1422,aushalten,,
1423,erproben,,
1424,verwunden,,
1425,*dien,,
1426,zittern,,
1427,detaillieren,,
1428,ergattern,,
1429,suggerieren,,
1430,blasen,,
1431,runden,,
1432,zutreffen,,
1433,stemmen,,
1434,positionieren,,
1435,abtragen,,
1436,mitbekommen,,
1437,einordnen,,
1438,rangieren,,
1439,abdrucken,,
1440,lancieren,,
1441,niederschlagen,,
1442,herausnehmen,,
1443,Ã¼berschlagen,,
1444,aussterben,,
1445,strÃ¶men,,
1446,scheuen,,
1447,waschen,,
1448,knacken,,
1449,tauschen,,
1450,haften,,
1451,Ã¼berschreiben,,
1452,gÃ¶nnen,,
1453,mÃ¶gen,,
1454,befriedigen,,
1455,cien,,
1456,schwanken,,
1457,auskennen,,
1458,relativieren,,
1459,entrichten,,
1460,einbÃ¼ÃŸen,,
1461,ragen,,
1462,befahren,,
1463,bereichern,,
1464,herauskommen,,
1465,hÃ¤ufen,,
1466,beibringen,,
1467,einberufen,,
1468,abrechnen,,
1469,breiten,,
1470,herhalten,,
1471,evtl.en,,
1472,herausbringen,,
1473,kollidieren,,
1474,herrichten,,
1475,auftragen,,
1476,explodieren,,
1477,erlernen,,
1478,forschen,,
1479,verschulden,,
1480,zerschlagen,,
1481,strukturieren,,
1482,anrechnen,,
1483,weiÃ.en,,
1484,hegen,,
1485,nÃ¶tigen,,
1486,zuschauen,,
1487,beteuern,,
1488,aktivieren,,
1489,Ã¼bersteigen,,
1490,zusammenbrechen,,
1491,errechnen,,
1492,entgegnen,,
1493,klingeln,,
1494,zugestehen,,
1495,sortieren,,
1496,ausfÃ¼llen,,
1497,pausieren,,
1498,parken,,
1499,absteigen,,
1500,listen,,
1501,schreiten,,
1502,zutrauen,,
1503,klarstellen,,
1504,aufrechterhalten,,
1505,ggf.en,,
1506,Ã¼berwÃ¤ltigen,,
1507,ausbezahlen,,
1508,heilen,,
1509,anschreiben,,
1510,obliegen,,
1511,berauben,,
1512,anstehen,,
1513,rasen,,
1514,erwachen,,
1515,miterleben,,
1516,ging'sen,,
1517,gedenken,,
1518,weinen,,
1519,schonen,,
1520,einklemmen,,
1521,erschÃ¶pfen,,
1522,abhaken,,
1523,konsumieren,,
1524,zurechnen,,
1525,freistellen,,
1526,eilen,,
1527,involvieren,,
1528,vermelden,,
1529,zustellen,,
1530,einwechseln,,
1531,aufschlagen,,
1532,deportieren,,
1533,nerven,,
1534,arrangieren,,
1535,weilen,,
1536,beten,,
1537,auseinandergesetzen,,
1538,irren,,
1539,zurÃ¼ckzahlen,,
1540,bestatten,,
1541,anweisen,,
1542,bewaffnen,,
1543,zulasten,,
1544,vertragen,,
1545,austreten,,
1546,mittragen,,
1547,Ã¼berreden,,
1548,proben,,
1549,abkommen,,
1550,aufwarten,,
1551,festigen,,
1552,verdecken,,
1553,plÃ¼ndern,,
1554,schlucken,,
1555,dastehen,,
1556,auferlegen,,
1557,enthÃ¼llen,,
1558,verschlafen,,
1559,miÃŸbrauchen,,
1560,haÃŸen,,
1561,verunsichern,,
1562,zusammenfÃ¼hren,,
1563,entpuppen,,
1564,reiten,,
1565,verbleiben,,
1566,vorenthalten,,
1567,erbeuten,,
1568,resultieren,,
1569,abfinden,,
1570,peilen,,
1571,mieten,,
1572,abspielen,,
1573,beugen,,
1574,musizieren,,
1575,losgehen,,
1576,handhaben,,
1577,abschieÃŸen,,
1578,aufmachen,,
1579,bescheiden,,
1580,wirtschaft@dpaten,,
1581,parieren,,
1582,forcieren,,
1583,mitarbeiten,,
1584,optimieren,,
1585,internen,,
1586,beitreten,,
1587,auffangen,,
1588,innehaben,,
1589,marschieren,,
1590,streifen,,
1591,anspannen,,
1592,filmen,,
1593,verschenken,,
1594,belÃ¤stigen,,
1595,aufsuchen,,
1596,meiden,,
1597,schmerzen,,
1598,tummeln,,
1599,anfallen,,
1600,erblicken,,
1601,aufziehen,,
1602,vereinfachen,,
1603,rausgenommen,,
1604,votieren,,
1605,ausklingen,,
1606,beerdigen,,
1607,vernetzen,,
1608,ausschÃ¼tten,,
1609,prÃ¤mieren,,
1610,betrinken,,
1611,befristen,,
1612,feuern,,
1613,einfangen,,
1614,unterdrÃ¼cken,,
1615,reizen,,
1616,mithelfen,,
1617,rammen,,
1618,androhen,,
1619,einfrieren,,
1620,zurufen,,
1621,fliessen,,
1622,abwenden,,
1623,verspielen,,
1624,habilitieren,,
1625,fressen,,
1626,paaren,,
1627,eingestehen,,
1628,leugnen,,
1629,segnen,,
1630,angedenken,,
1631,dulden,,
1632,verÃ¤rgern,,
1633,hauen,,
1634,widerstehen,,
1635,betÃ¤tigen,,
1636,verkleinern,,
1637,ausgraben,,
1638,aufsetzen,,
1639,anmerken,,
1640,zurÃ¼ckkommen,,
1641,treffpunken,,
1642,begleichen,,
1643,kÃ¶pfen,,
1644,monieren,,
1645,aufbereiten,,
1646,lisen,,
1647,durchbrechen,,
1648,differenzieren,,
1649,animieren,,
1650,heuen,,
1651,weiterleitungen,,
1652,fortschreiten,,
1653,vorhalten,,
1654,ringen,,
1655,lindern,,
1656,Ã¼berwiegen,,
1657,rekonstruieren,,
1658,heeiÃŸen,,
1659,freilegen,,
1660,anfragen,,
1661,verzieren,,
1662,rÃ¤chen,,
1663,beisteuern,,
1664,erachten,,
1665,anvertrauen,,
1666,verrÃ¼cken,,
1667,'sen,,
1668,speisen,,
1669,trauern,,
1670,niederlassen,,
1671,erstechen,,
1672,aberkennen,,
1673,abkÃ¼rzen,,
1674,anstoÃŸen,,
1675,schocken,,
1676,ausserdemen,,
1677,entschÃ¤digen,,
1678,abweichen,,
1679,ersticken,,
1680,aufleben,,
1681,bestechen,,
1682,variieren,,
1683,einrechnen,,
1684,politik-ausland@dpaten,,
1685,ertappen,,
1686,einlÃ¤uten,,
1687,kalkulieren,,
1688,verklagen,,
1689,abheben,,
1690,pochen,,
1691,honorieren,,
1692,plagen,,
1693,verwerten,,
1694,mitgehen,,
1695,entbrennen,,
1696,muten,,
1697,beleidigen,,
1698,Ã¼bereinstimmen,,
1699,zumuten,,
1700,aufwenden,,
1701,standhalten,,
1702,anpfeifen,,
1703,widerspiegeln,,
1704,Ã¼bernachten,,
1705,zelebrieren,,
1706,erlaÃŸen,,
1707,streuen,,
1708,siedeln,,
1709,zurÃ¼ckstellen,,
1710,vorausgehen,,
1711,schrecken,,
1712,abverlangen,,
1713,wachen,,
1714,lÃ¤hmen,,
1715,freisetzen,,
1716,aufstehen,,
1717,abtransportieren,,
1718,abklÃ¤ren,,
1719,verrichten,,
1720,zÃ¼nden,,
1721,auslaufen,,
1722,wiederfinden,,
1723,verunglÃ¼cken,,
1724,diagnostizieren,,
1725,fÃ¼ttern,,
1726,aufbieten,,
1727,erschrecken,,
1728,durchgehen,,
1729,feststehen,,
1730,prangen,,
1731,verwundern,,
1732,verderben,,
1733,hinlegen,,
1734,kreisen,,
1735,herumsprechen,,
1736,reformieren,,
1737,stinken,,
1738,hinausgehen,,
1739,abtreten,,
1740,favorisieren,,
1741,weiterhelfen,,
1742,Ã¼berbringen,,
1743,abhandeln,,
1744,vermischen,,
1745,erstaunen,,
1746,vorn.en,,
1747,umfunktionieren,,
1748,lÃ¼gen,,
1749,deponieren,,
1750,privatisieren,,
1751,Ã¤ussern,,
1752,gutheissen,,
1753,vii.en,,
1754,telefonieren,,
1755,angliedern,,
1756,hÃ¼ten,,
1757,misshandeln,,
1758,beliefern,,
1759,nÃ¶nen,,
1760,dÃ¤mpfen,,
1761,verwÃ¼sten,,
1762,entstammen,,
1763,verabreden,,
1764,nicken,,
1765,gleichsetzen,,
1766,durchblicken,,
1767,reihen,,
1768,abfeuern,,
1769,aufschreiben,,
1770,abgewinnen,,
1771,konstatieren,,
1772,trÃ¶sten,,
1773,grinsen,,
1774,l.en,,
1775,staunen,,
1776,mehren,,
1777,mitmischen,,
1778,ausrÃ¼cken,,
1779,verrechnen,,
1780,nahen,,
1781,abarbeiten,,
1782,ich'sen,,
1783,ruinieren,,
1784,anlehnen,,
1785,zerlegen,,
1786,sensibilisieren,,
1787,zerreiÃŸen,,
1788,Ã¼berrollen,,
1789,Ã¼berfluten,,
1790,ablenken,,
1791,minimieren,,
1792,schlÃ¼pfen,,
1793,politik-deutschland@dpaten,,
1794,ausbleiben,,
1795,vorbringen,,
1796,anmahnen,,
1797,voraussagen,,
1798,zugreifen,,
1799,Ã¼berbieten,,
1800,panorama@dpaten,,
1801,mitfahren,,
1802,zusammenhÃ¤ngen,,
1803,durchlaufen,,
1804,deklarieren,,
1805,kreieren,,
1806,fÃ¤lschen,,
1807,anfreunden,,
1808,einsammeln,,
1809,bezeugen,,
1810,hinken,,
1811,befehlen,,
1812,baden,,
1813,anpacken,,
1814,kleben,,
1815,einmischen,,
1816,belehren,,
1817,stopfen,,
1818,abfÃ¼hren,,
1819,mÃ¼ssen,,
1820,propagieren,,
1821,Ã¼berdachen,,
1822,einschreiben,,
1823,ertrinken,,
1824,lauschen,,
1825,revidieren,,
1826,lockern,,
1827,aufspielen,,
1828,einbÃ¼rgern,,
1829,verabreichen,,
1830,weiten,,
1831,ratifizieren,,
1832,abschÃ¤tzen,,
1833,besteuern,,
1834,subventionieren,,
1835,piercen,,
1836,atmen,,
1837,untergehen,,
1838,schrÃ¤nken,,
1839,ausziehen,,
1840,Ã¼berschatten,,
1841,trÃ¼ben,,
1842,vorlesen,,
1843,herbeigefÃ¼hren,,
1844,zurÃ¼ckhalten,,
1845,lauern,,
1846,dirigieren,,
1847,missachten,,
1848,vergiften,,
1849,ausgeloen,,
1850,zÃ¼chten,,
1851,nachlassen,,
1852,hinzukommen,,
1853,reflektieren,,
1854,wappnen,,
1855,vertun,,
1856,charakterisieren,,
1857,Ã¼bersiedeln,,
1858,rauben,,
1859,anzweifeln,,
1860,Ã¼berbrÃ¼cken,,
1861,einfordern,,
1862,konkurrieren,,
1863,vollbringen,,
1864,quÃ¤len,,
1865,spitzen,,
1866,nachgeben,,
1867,bewerkstelligen,,
1868,pfeifen,,
1869,erben,,
1870,unterlassen,,
1871,hadern,,
1872,beiÃŸen,,
1873,abbrennen,,
1874,demontieren,,
1875,zuspitzen,,
1876,ausdienen,,
1877,vereidigen,,
1878,pendeln,,
1879,aufhorchen,,
1880,untermauern,,
1881,erspielen,,
1882,walten,,
1883,schÃ¼ren,,
1884,umsteigen,,
1885,entzÃ¼nden,,
1886,schnappen,,
1887,spicken,,
1888,anstecken,,
1889,einweisen,,
1890,ausgliedern,,
1891,klopfen,,
1892,ausschildern,,
1893,zustehen,,
1894,mitgestalten,,
1895,befallen,,
1896,tanken,,
1897,weit.en,,
1898,graben,,
1899,aufgebrauchen,,
1900,amÃ¼sieren,,
1901,schnellen,,
1902,bewÃ¶lken,,
1903,abschrecken,,
1904,aufatmen,,
1905,zusammenfinden,,
1906,veralten,,
1907,einschlafen,,
1908,verdichten,,
1909,dm.en,,
1910,zaubern,,
1911,entfachen,,
1912,cruisen,,
1913,abwÃ¤hlen,,
1914,zerbrechen,,
1915,beschwÃ¶ren,,
1916,wegnehmen,,
1917,anlocken,,
1918,bebauen,,
1919,bewachen,,
1920,darbieten,,
1921,bÃ¼ÃŸen,,
1922,sponsern,,
1923,mindern,,
1924,andauern,,
1925,bahnen,,
1926,missverstehen,,
1927,umkommen,,
1928,abbiegen,,
1929,scherzen,,
1930,dahinstellen,,
1931,orten,,
1932,bewirtschaften,,
1933,abfahren,,
1934,einspringen,,
1935,verstricken,,
1936,whichen,,
1937,c.en,,
1938,putzen,,
1939,lasten,,
1940,klaffen,,
1941,durchziehen,,
1942,rÃ¼tteln,,
1943,stocken,,
1944,abtun,,
1945,vermindern,,
1946,bemalen,,
1947,genaÃŸen,,
1948,weglassen,,
1949,gleichberechtigen,,
1950,begrÃ¼ssen,,
1951,ausruhen,,
1952,illustrieren,,
1953,verblÃ¼ffen,,
1954,vorhersagen,,
1955,hingehen,,
1956,schÃ¤men,,
1957,angereichern,,
1958,versinken,,
1959,disqualifizieren,,
1960,triumphieren,,
1961,zuerkennen,,
1962,beissen,,
1963,absperren,,
1964,kÃ¶nnen,,
1965,weeiÃŸen,,
1966,austoben,,
1967,eskalieren,,
1968,verprÃ¼geln,,
1969,beharren,,
1970,einlÃ¶sen,,
1971,dekorieren,,
1972,verkommen,,
1973,beschneiden,,
1974,terminieren,,
1975,abfragen,,
1976,pumpen,,
1977,berappen,,
1978,zurÃ¼cklassen,,
1979,entgegenwirken,,
1980,gleichstellen,,
1981,hinterlegen,,
1982,diskriminieren,,
1983,herbeifÃ¼hren,,
1984,entlocken,,
1985,abg.en,,
1986,intensivieren,,
1987,nachempfinden,,
1988,vermehren,,
1989,anstrengen,,
1990,thronen,,
1991,seufzen,,
1992,preisen,,
1993,gedeihen,,
1994,nÃ¤hen,,
1995,ermuntern,,
1996,wiederbeleben,,
1997,Ã¼berschwemmen,,
1998,gebieten,,
1999,auffahren,,
2000,aufholen,,
2001,verdreifachen,,
2002,wÃ¤hren,,
2003,abwehren,,
2004,auffÃ¼llen,,
2005,belÃ¤cheln,,
2006,klarmachen,,
2007,impfen,,
2008,besinnen,,
2009,emigrieren,,
2010,verschÃ¼tten,,
2011,verspÃ¼ren,,
2012,schwinden,,
2013,unterstehen,,
2014,schnuppern,,
2015,absenken,,
2016,antreffen,,
2017,heizen,,
2018,enttÃ¤uschen,,
2019,tilgen,,
2020,wahrhaben,,
2021,fusionieren,,
2022,viii.en,,
2023,anbrennen,,
2024,gebÃ¼hren,,
2025,nÃ¤hren,,
2026,preisgeben,,
2027,begutachten,,
2028,gegenÃ¼berstehen,,
2029,einkehren,,
2030,bereuen,,
2031,Ã¼.en,,
2032,ff.en,,
2033,wackeln,,
2034,sehnen,,
2035,ausrauben,,
2036,verewigen,,
2037,zollen,,
2038,zusetzen,,
2039,zuwenden,,
2040,vorprogrammieren,,
2041,verzehren,,
2042,symbolisieren,,
2043,voranbringen,,
2044,beanstanden,,
2045,wettern,,
2046,entlarven,,
2047,ausheben,,
2048,offerieren,,
2049,k.en,,
2050,touren,,
2051,vorfinden,,
2052,verhÃ¶ren,,
2053,schÃ¤rfen,,
2054,bekanntwerden,,
2055,sacken,,
2056,verÃ¤uÃŸern,,
2057,hinbekommen,,
2058,behaaren,,
2059,abschwÃ¤chen,,
2060,aushÃ¤ndigen,,
2061,ausrechnen,,
2062,ermutigen,,
2063,bevorstehen,,
2064,dellen,,
2065,vorbestrafen,,
2066,bereinigen,,
2067,abrunden,,
2068,erpressen,,
2069,ergrÃ¼nden,,
2070,einschleichen,,
2071,hÃ¼llen,,
2072,beschreiten,,
2073,umschreiben,,
2074,aufzÃ¤hlen,,
2075,untermaueren,,
2076,zucken,,
2077,aufladen,,
2078,schnÃ¼ren,,
2079,versperren,,
2080,einzahlen,,
2081,schwÃ¶ren,,
2082,kreuzen,,
2083,aufwerfen,,
2084,zerfallen,,
2085,unterschreiten,,
2086,verschmelzen,,
2087,aufrollen,,
2088,aufrÃ¤umen,,
2089,entfliehen,,
2090,lÃ¤uten,,
2091,zÃ¶gern,,
2092,zusammentun,,
2093,anlasten,,
2094,Ã¶ffnungszeien,,
2095,experimentieren,,
2096,eben,,
2097,bombardieren,,
2098,erlÃ¶schen,,
2099,flankieren,,
2100,strecken,,
2101,stattgeben,,
2102,erwirken,,
2103,aufkaufen,,
2104,rÃ¼gen,,
2105,hinwegtÃ¤uschen,,
2106,gedulden,,
2107,abÃ¤ndern,,
2108,ausmustern,,
2109,lahmlegen,,
2110,plaudern,,
2111,anheizen,,
2112,attestieren,,
2113,aufreissen,,
2114,tolerieren,,
2115,weiterarbeiten,,
2116,erlÃ¶sen,,
2117,predigen,,
2118,zutagen,,
2119,stolpern,,
2120,brummen,,
2121,abschlagen,,
2122,stapeln,,
2123,zusammenschlagen,,
2124,abfangen,,
2125,auffassen,,
2126,herausarbeiten,,
2127,aufspÃ¼ren,,
2128,bedrÃ¤ngen,,
2129,spÃ¼len,,
2130,generieren,,
2131,bekanntermaÃŸen,,
2132,hergeben,,
2133,bezichtigen,,
2134,kÃ¼hlen,,
2135,klassifizieren,,
2136,pachten,,
2137,Ã¼berfahren,,
2138,fahnden,,
2139,enteignen,,
2140,stillen,,
2141,erschiessen,,
2142,aufschieben,,
2143,legitimieren,,
2144,vorankommen,,
2145,stricken,,
2146,verfliegen,,
2147,verlesen,,
2148,entsetzen,,
2149,abgrenzen,,
2150,jÃ¤hren,,
2151,zurÃ¼ckholen,,
2152,afen,,
2153,erkundigen,,
2154,einlagern,,
2155,degradieren,,
2156,firmieren,,
2157,residieren,,
2158,gibtsen,,
2159,amtieren,,
2160,vorbeugen,,
2161,vergreifen,,
2162,heruntergeladen,,
2163,verkneifen,,
2164,Ã¼berschÃ¤tzen,,
2165,schlachten,,
2166,anberaumen,,
2167,klatschen,,
2168,ausklammern,,
2169,daherkommen,,
2170,leeren,,
2171,innern,,
2172,zutragen,,
2173,anschliessen,,
2174,Ã¼berspringen,,
2175,ordern,,
2176,verfÃ¼hren,,
2177,aren,,
2178,prÃ¼geln,,
2179,umdrehen,,
2180,beirren,,
2181,abzeichnen,,
2182,blitzen,,
2183,sodaÃŸen,,
2184,prÃ¤zisieren,,
2185,hassen,,
2186,heranfÃ¼hren,,
2187,tarnen,,
2188,schmuggeln,,
2189,ansammeln,,
2190,herkommen,,
2191,wittern,,
2192,dÃ¼rfen,,
2193,ausblenden,,
2194,eindÃ¤mmen,,
2195,umlegen,,
2196,ausgestalten,,
2197,erhitzen,,
2198,anmieten,,
2199,pressen,,
2200,verzeihen,,
2201,hinstellen,,
2202,anliefern,,
2203,ausgrenzen,,
2204,wettmachen,,
2205,erwehren,,
2206,ausschenken,,
2207,anhÃ¤ufen,,
2208,einzeichnen,,
2209,angeprangern,,
2210,bestÃ¤rken,,
2211,graden,,
2212,lÃ¼ften,,
2213,umgangen,,
2214,biegen,,
2215,knallen,,
2216,hinziehen,,
2217,brÃ¼llen,,
2218,texen,,
2219,zufriedengeben,,
2220,wiederkommen,,
2221,zurÃ¼ckbringen,,
2222,wiedererÃ¶ffnen,,
2223,einschlieÃŸen,,
2224,auswandern,,
2225,hapern,,
2226,zerstreuen,,
2227,trocknen,,
2228,schleppen,,
2229,statten,,
2230,durchhalten,,
2231,kÃ¼ssen,,
2232,misslingen,,
2233,vorschieben,,
2234,transferieren,,
2235,abrutschen,,
2236,verteuern,,
2237,ausbessern,,
2238,spritzen,,
2239,fonen,,
2240,leihen,,
2241,rausnehmen,,
2242,kicken,,
2243,entkrÃ¤ften,,
2244,abmelden,,
2245,bevÃ¶lkern,,
2246,regulieren,,
2247,verschlagen,,
2248,draussen,,
2249,befolgen,,
2250,ersuchen,,
2251,verwirren,,
2252,stÃ¶hnen,,
2253,vertuschen,,
2254,durchdachen,,
2255,verschlingen,,
2256,brillieren,,
2257,abwerfen,,
2258,abschleppen,,
2259,entheben,,
2260,zurÃ¼ckwerfen,,
2261,verschleiern,,
2262,anpeilen,,
2263,widerrufen,,
2264,verlangsamen,,
2265,einstimmen,,
2266,umformulieren,,
2267,trotzen,,
2268,dazukommen,,
2269,campen,,
2270,einen,,
2271,budgetieren,,
2272,plazieren,,
2273,verstreichen,,
2274,reifen,,
2275,beflÃ¼geln,,
2276,verharren,,
2277,ankurbeln,,
2278,umrÃ¼sten,,
2279,unterordnen,,
2280,nachbessern,,
2281,durchringen,,
2282,vergÃ¶nnen,,
2283,macht'sen,,
2284,zurÃ¼ckfahren,,
2285,umkÃ¤mpfen,,
2286,ebnen,,
2287,besteigen,,
2288,schleichen,,
2289,erkiesen,,
2290,entbinden,,
2291,erschaffen,,
2292,Ã¼berstellen,,
2293,meckern,,
2294,zurÃ¼ckschicken,,
2295,staffeln,,
2296,gleiten,,
2297,bewerfen,,
2298,losen,,
2299,bessern,,
2300,erstehen,,
2301,einzufahren,,
2302,tippen,,
2303,formieren,,
2304,simulieren,,
2305,wÃ¤hnen,,
2306,web|url=httpen,,
2307,wohlfÃ¼hlen,,
2308,beneiden,,
2309,wiederentdecken,,
2310,auswiegen,,
2311,betiteln,,
2312,verneinen,,
2313,erbitten,,
2314,idar-obersteinen,,
2315,abbringen,,
2316,fegen,,
2317,umsiedeln,,
2318,vormachen,,
2319,sÃ¤ubern,,
2320,anhaben,,
2321,zuschicken,,
2322,abriegeln,,
2323,umjubeln,,
2324,skizzieren,,
2325,reiben,,
2326,abgehen,,
2327,pilgern,,
2328,verwachsen,,
2329,schultern,,
2330,zweigen,,
2331,herausholen,,
2332,einschulen,,
2333,sÃ¤en,,
2334,weiterreichen,,
2335,anschieÃŸen,,
2336,schmieden,,
2337,gipfeln,,
2338,mutmaÃŸen,,
2339,davonkommen,,
2340,unterkommen,,
2341,losgelÃ¶st,,
2342,brÃ¶ckeln,,
2343,ticken,,
2344,beladen,,
2345,nachtragen,,
2346,benÃ¼tzen,,
2347,langweilen,,
2348,bayern,,
2349,vollstrecken,,
2350,konkretisieren,,
2351,rocken,,
2352,verfeinern,,
2353,einspeisen,,
2354,verdauen,,
2355,wÃ¼rden,,
2356,maden,,
2357,internieren,,
2358,vorangehen,,
2359,verspÃ¤ten,,
2360,accessdaten,,
2361,abgehÃ¶ren,,
2362,verleiten,,
2363,vordringen,,
2364,rekrutieren,,
2365,ankaufen,,
2366,blÃ¤ttern,,
2367,stufen,,
2368,verwahren,,
2369,herausfordern,,
2370,ausrotten,,
2371,abneigen,,
2372,niederbrennen,,
2373,zurÃ¼ckdrÃ¤ngen,,
2374,streiken,,
2375,verheiÃŸen,,
2376,mildern,,
2377,nerieren,,
2378,|url=httpen,,
2379,bejubeln,,
2380,assoziieren,,
2381,schmieren,,
2382,ausbrennen,,
2383,punkten,,
2384,pflastern,,
2385,vorstehen,,
2386,wirtschaften,,
2387,beschÃ¼tzen,,
2388,durchmachen,,
2389,manifestieren,,
2390,entgegenkommen,,
2391,umringen,,
2392,demÃ¼tigen,,
2393,brodeln,,
2394,projizieren,,
2395,bemessen,,
2396,zerren,,
2397,verinnerlichen,,
2398,verirren,,
2399,vorsorgen,,
2400,zerstreiten,,
2401,schockieren,,
2402,wimmeln,,
2403,verstreuen,,
2404,hinreiÃŸen,,
2405,glÃ¤tten,,
2406,verweilen,,
2407,wie'sen,,
2408,genÃ¼bergestellen,,
2409,einhergehen,,
2410,bereisen,,
2411,aussparen,,
2412,anhÃ¤ngen,,
2413,alkoholisieren,,
2414,anfechten,,
2415,modifizieren,,
2416,adaptieren,,
2417,dunkln,,
2418,anheuern,,
2419,versÃ¶hnen,,
2420,abwickeln,,
2421,ertÃ¶nen,,
2422,einreisen,,
2423,rehabilitieren,,
2424,schmelzen,,
2425,portrÃ¤tieren,,
2426,strapazieren,,
2427,angleichen,,
2428,berichtigen,,
2429,vorverlegen,,
2430,auserkiesen,,
2431,versenden,,
2432,schmÃ¤lern,,
2433,coloren,,
2434,verschwenden,,
2435,surfen,,
2436,zurechtkommen,,
2437,hocken,,
2438,mitziehen,,
2439,sich'sen,,
2440,mitbestimmen,,
2441,liieren,,
2442,erfragen,,
2443,kapieren,,
2444,bohren,,
2445,jammern,,
2446,aneignen,,
2447,verwurzeln,,
2448,benachrichtigen,,
2449,einzuarbeien,,
2450,einfliegen,,
2451,ausreizen,,
2452,ausleben,,
2453,umwerben,,
2454,kappen,,
2455,verpachten,,
2456,rauschen,,
2457,aufrÃ¼sten,,
2458,zusammentreffen,,
2459,osen,,
2460,offenlegen,,
2461,zusammengestoÃŸen,,
2462,erlegen,,
2463,eingeben,,
2464,rÃ¼hmen,,
2465,hochziehen,,
2466,versteuern,,
2467,weiterfahren,,
2468,wÃ¼rzen,,
2469,ausbeuten,,
2470,abschirmen,,
2471,eliminieren,,
2472,pagen,,
2473,schneien,,
2474,zusammenfÃ¼gen,,
2475,faszinieren,,
2476,durchschauen,,
2477,articln,,
2478,mausern,,
2479,zurÃ¼ckgewinnen,,
2480,absitzen,,
2481,verzaubern,,
2482,hinschauen,,
2483,strotzen,,
2484,vereiteln,,
2485,auslÃ¶schen,,
2486,verseuchen,,
2487,beurlauben,,
2488,andreschen,,
2489,vererben,,
2490,frequentieren,,
2491,weiterkommen,,
2492,verschÃ¶nern,,
2493,belagern,,
2494,vertauschen,,
2495,lefen,,
2496,eindecken,,
2497,Âjahrhundern,,
2498,summieren,,
2499,prÃ¤parieren,,
2500,straffen,,
2501,abwÃ¤gen,,
2502,einÃ¼ben,,
2503,durchqueren,,
2504,feilen,,
2505,drosseln,,
2506,feat.en,,
2507,vorbeikommen,,
2508,verstummen,,
2509,winden,,
2510,nachrichten,,
2511,grillen,,
2512,tollen,,
2513,unterschlagen,,
2514,entschlaÃŸen,,
2515,wegwerfen,,
2516,haken,,
2517,vorbeischauen,,
2518,wickeln,,
2519,man'sen,,
2520,belangen,,
2521,aussortieren,,
2522,trÃ¼gen,,
2523,abrÃ¤umen,,
2524,hindeuten,,
2525,anfassen,,
2526,bezuschusen,,
2527,untertauchen,,
2528,zurÃ¼cklehnen,,
2529,herabsetzen,,
2530,bzgl.en,,
2531,vervollstÃ¤ndigen,,
2532,empÃ¶ren,,
2533,nachschauen,,
2534,verziehen,,
2535,entgegensetzen,,
2536,anpreisen,,
2537,mutieren,,
2538,nachlegen,,
2539,scheren,,
2540,pp.en,,
2541,zusammenhalten,,
2542,aufwachen,,
2543,verweben,,
2544,liebÃ¤ugeln,,
2545,segeln,,
2546,abfertigen,,
2547,verjÃ¤hren,,
2548,dopen,,
2549,kolportieren,,
2550,entreiÃŸen,,
2551,verschieÃŸen,,
2552,kratzen,,
2553,beifÃ¼gen,,
2554,widersetzen,,
2555,zurÃ¼ckbleiben,,
2556,entgegentreten,,
2557,vorangegangen,,
2558,dehnen,,
2559,aufschrecken,,
2560,vergraben,,
2561,diskreditieren,,
2562,einpacken,,
2563,reaktivieren,,
2564,Ã¼brigbleiben,,
2565,pÃ¶ln,,
2566,flÃ¼stern,,
2567,abdrehen,,
2568,tangieren,,
2569,hageln,,
2570,Ã¼berdecken,,
2571,loslassen,,
2572,wollen,,
2573,righen,,
2574,einwirken,,
2575,ereilen,,
2576,diktieren,,
2577,verdrehen,,
2578,entgegenbringen,,
2579,verstauen,,
2580,implizieren,,
2581,lighen,,
2582,umkehren,,
2583,demolieren,,
2584,hingehÃ¶ren,,
2585,komplettieren,,
2586,patzen,,
2587,Ã¼berbewerten,,
2588,tendieren,,
2589,artikulieren,,
2590,abgelten,,
2591,zurÃ¼cksetzen,,
2592,erstrahlen,,
2593,mitreiÃŸen,,
2594,waeren,,
2595,fiebern,,
2596,einkalkulieren,,
2597,dabeisein,,
2598,kursieren,,
2599,interviewen,,
2600,rauskommen,,
2601,mitfinanzieren,,
2602,anfÃ¼gen,,
2603,frustrieren,,
2604,intervenieren,,
2605,feien,,
2606,zertrÃ¼mmern,,
2607,fokussieren,,
2608,gesellen,,
2609,untergraben,,
2610,ausloten,,
2611,wischen,,
2612,haben,,
2613,kontaktieren,,
2614,einschÃ¼chtern,,
2615,boykottieren,,
2616,schimmern,,
2617,schnitzen,,
2618,verlernen,,
2619,verschlucken,,
2620,reuen,,
2621,abstempeln,,
2622,modern,,
2623,niederschreiben,,
2624,konsolidieren,,
2625,ausschlagen,,
2626,gebaren,,
2627,hÃ¶hnen,,
2628,starren,,
2629,zusammenbringen,,
2630,piken,,
2631,erkaufen,,
2632,zuspielen,,
2633,anwerben,,
2634,Ã¼berlasten,,
2635,schÃ¼tten,,
2636,abfÃ¼llen,,
2637,schielen,,
2638,lat.en,,
2639,'ichen,,
2640,verpaÃŸen,,
2641,einquartieren,,
2642,durchlesen,,
2643,verstellen,,
2644,en,,
2645,entbehren,,
2646,brÃ¼ten,,
2647,beordern,,
2648,ansteuern,,
2649,herausbilden,,
2650,ausforschen,,
2651,festmachen,,
2652,verbreitern,,
2653,hemmen,,
2654,stagnieren,,
2655,zertifizieren,,
2656,schmeeiÃŸen,,
2657,archivieren,,
2658,anfliegen,,
2659,wiedersehen,,
2660,kaschieren,,
2661,nahelegen,,
2662,adoptieren,,
2663,einstÃ¼rzen,,
2664,durchflaÃŸen,,
2665,wir'sen,,
2666,ausloben,,
2667,abstecken,,
2668,frÃ¶nen,,
2669,wirbeln,,
2670,aufweichen,,
2671,gutschreiben,,
2672,hieven,,
2673,abwiegen,,
2674,fundieren,,
2675,dpa.en,,
2676,erwÃ¤rmen,,
2677,nachbauen,,
2678,schminken,,
2679,defaulen,,
2680,ausbremsen,,
2681,entlohnen,,
2682,schwenken,,
2683,anbrechen,,
2684,schrauben,,
2685,auszuschlassen,,
2686,gewichten,,
2687,entledigen,,
2688,erklimmen,,
2689,addieren,,
2690,drÃ¶hnen,,
2691,ausharren,,
2692,umsehen,,
2693,abkÃ¼hlen,,
2694,buhlen,,
2695,overn,,
2696,bÃ¤ndigen,,
2697,herumschlagen,,
2698,bepflanzen,,
2699,erhellen,,
2700,mimen,,
2701,delegieren,,
2702,Ã¼berfÃ¼llen,,
2703,w.en,,
2704,beimessen,,
2705,schlichten,,
2706,verfÃ¤lschen,,
2707,auffliegen,,
2708,nÃ¼chtern,,
2709,buen,,
2710,hineinziehen,,
2711,postieren,,
2712,nachsehen,,
2713,verleugnen,,
2714,Ã¼berlagern,,
2715,verschrotten,,
2716,einschreiten,,
2717,herausreiÃŸen,,
2718,schleifen,,
2719,beschenken,,
2720,sprudeln,,
2721,katapultieren,,
2722,ausstehen,,
2723,zurÃ¼ckliegen,,
2724,ermÃ¤chtigen,,
2725,spucken,,
2726,abmontieren,,
2727,prellen,,
2728,wÃ¼ten,,
2729,herantragen,,
2730,quittieren,,
2731,pensionieren,,
2732,spendieren,,
2733,auszÃ¤hlen,,
2734,abgeraten,,
2735,aufkÃ¼ndigen,,
2736,schweifen,,
2737,klassieren,,
2738,foulen,,
2739,schallen,,
2740,url=httpen,,
2741,sÃ¤umen,,
2742,umschlagen,,
2743,roden,,
2744,loslegen,,
2745,zusammenwachsen,,
2746,vorhaben,,
2747,zurÃ¼ckerobern,,
2748,zurÃ¼ckfallen,,
2749,bspw.en,,
2750,ausreisen,,
2751,adeln,,
2752,auftischen,,
2753,hochrechnen,,
2754,prÃ¤destinieren,,
2755,ben,,
2756,hingeben,,
2757,ausland@dpaten,,
2758,entmutigen,,
2759,verifizieren,,
2760,verloben,,
2761,vorsetzen,,
2762,verharmlosen,,
2763,verschmutzen,,
2764,tÃ¼rmen,,
2765,zulaÃŸen,,
2766,verhungern,,
2767,vertonen,,
2768,geleiten,,
2769,mitprÃ¤gen,,
2770,miteinbeziehen,,
2771,hinzuziehen,,
2772,annÃ¤hern,,
2773,zuschÃ¼tten,,
2774,glÃ¤ten,,
2775,abkoppeln,,
2776,dezimieren,,
2777,braten,,
2778,weiterverkaufen,,
2779,herunterladen,,
2780,fallengelassen,,
2781,nothingen,,
2782,ausfliegen,,
2783,dies.en,,
2784,eintauchen,,
2785,bestohlen,,
2786,verzweifeln,,
2787,signieren,,
2788,eingeschÃ¼chtern,,
2789,vorangebrachen,,
2790,schlÃ¤ngeln,,
2791,widerfahren,,
2792,hinauslaufen,,
2793,weiterleben,,
2794,ablagern,,
2795,streicheln,,
2796,nachstellen,,
2797,durchspielen,,
2798,Ã¼berbauen,,
2799,verputzen,,
2800,auftreiben,,
2801,umarmen,,
2802,murmeln,,
2803,zusammenleben,,
2804,beunruhigen,,
2805,blenden,,
2806,konservieren,,
2807,wuerden,,
2808,Ã¼berwintern,,
2809,auspacken,,
2810,klammern,,
2811,firen,,
2812,fuÃŸen,,
2813,auslassen,,
2814,vortÃ¤uschen,,
2815,besÃ¤nftigen,,
2816,expandieren,,
2817,improvisieren,,
2818,abrÃ¼cken,,
2819,duften,,
2820,zumachen,,
2821,einfÃ¤deln,,
2822,erÃ¼brigen,,
2823,wiederaufgebauen,,
2824,hÃ¼pfen,,
2825,genoÃŸen,,
2826,'daÃŸen,,
2827,verwarnen,,
2828,verschmerzen,,
2829,herankommen,,
2830,anpflanzen,,
2831,zugedenken,,
2832,aushelfen,,
2833,wuchern,,
2834,konstituieren,,
2835,annullieren,,
2836,anfeuern,,
2837,schworen,,
2838,hervorgetanen,hervortun,
2839,abzielen,,
2840,erraten,,
2841,bejahen,,
2842,entlehnen,,
2843,samen,,
2844,proklamieren,,
2845,durchdringen,,
2846,zurÃ¼ckversetzen,,
2847,begnadigen,,
2848,dazugehÃ¶ren,,
2849,veruntreuen,,
2850,anfÃ¤llen,,
2851,umschlieÃŸen,,
2852,verschanzen,,
2853,lackieren,,
2854,antasten,,
2855,trimmen,,
2856,herangehen,,
2857,versiegeln,,
2858,befÃ¤higen,,
2859,aufreihen,,
2860,kultivieren,,
2861,ermahnen,,
2862,gehorchen,,
2863,verladen,,
2864,titulieren,,
2865,bereitstehen,,
2866,vorbeiziehen,,
2867,folgern,,
2868,mitsingen,,
2869,aufgefrischen,,
2870,durchleuchten,,
2871,einengen,,
2872,benehmen,,
2873,anbetreffen,,
2874,einspannen,,
2875,donnern,,
2876,sollen,,
2877,verwaisen,,
2878,dass.en,,
2879,polieren,,
2880,wegziehen,,
2881,verspotten,,
2882,schweln,,
2883,einwerfen,,
2884,bereithalten,,
2885,anvisieren,,
2886,fortschreiben,,
2887,entschlÃ¼sseln,,
2888,schiefgehen,,
2889,erdenken,,
2890,durchdrungen,,
2891,weiterspielen,,
2892,schwitzen,,
2893,abreisen,,
2894,dazugeben,,
2895,mitfÃ¼hren,,
2896,ablassen,,
2897,mitgeben,,
2898,egalisieren,,
2899,vergnÃ¼gen,,
2900,zugeleiten,,
2901,zerschneiden,,
2902,diffamieren,,
2903,aufrichten,,
2904,anfÃ¼hlen,,
2905,umrechnen,,
2906,Ã¼berrennen,,
2907,entkrÃ¤fen,,
2908,limitieren,,
2909,ausgehÃ¶hlen,,
2910,belÃ¼gen,,
2911,verstopfen,,
2912,Ã¼berblicken,,
2913,bewalden,,
2914,saugen,,
2915,vorzeichnen,,
2916,voranstellen,,
2917,klicken,,
2918,phil.en,,
2919,schÃ¤len,,
2920,flattern,,
2921,schmeissen,,
2922,freimachen,,
2923,verstaatlichen,,
2924,Ã¼berspannen,,
2925,punktgleichen,,
2926,abkaufen,,
2927,einhandeln,,
2928,einwandern,,
2929,schlummern,,
2930,flanken,,
2931,beheizen,,
2932,ausmalen,,
2933,abspringen,,
2934,hellen,,
2935,revanchieren,,
2936,raffinieren,,
2937,zusammennehmen,,
2938,betten,,
2939,beschmieren,,
2940,sonst.en,,
2941,umstrukturieren,,
2942,fischen,,
2943,bluten,,
2944,abstoÃŸen,,
2945,krÃ¤nken,,
2946,verkennen,,
2947,fechten,,
2948,enttarnen,,
2949,frieren,,
2950,stilisieren,,
2951,Ã¤chen,,
2952,heuern,,
2953,munkeln,,
2954,spinnen,,
2955,beschrifen,,
2956,hebeln,,
2957,asphaltieren,,
2958,kranken,,
2959,kapitulieren,,
2960,ersteigern,,
2961,vergÃ¼ten,,
2962,zusammenpassen,,
2963,flachen,,
2964,/en,,
2965,toppen,,
2966,inkl.en,,
2967,gutmachen,,
2968,umdenken,,
2969,erstarren,,
2970,verfrachten,,
2971,untermalen,,
2972,trumpfen,,
2973,vorweggenommen,,
2974,gleichkommen,,
2975,besingen,,
2976,verhÃ¤rten,,
2977,veranschaulichen,,
2978,bespielen,,
2979,abzweigen,,
2980,Ã¼berfliegen,,
2981,erdrÃ¼cken,,
2982,instrumentalisieren,,
2983,zusammenziehen,,
2984,taxieren,,
2985,auftun,,
2986,brandmarken,,
2987,veranlaÃŸen,,
2988,schleusen,,
2989,mitzÃ¤hlen,,
2990,istern,,
2991,ausgestatten,,
2992,saÃŸen,,
2993,nachprÃ¼fen,,
2994,vorsichen,,
2995,spotten,,
2996,angeschnallen,,
2997,miÃŸhandeln,,
2998,mÃ¼hen,,
2999,kriechen,,
3000,aufzwingen,,
3001,bebildern,,
3002,schlittern,,
3003,abgespalten,abspalten,
3004,er'sen,,
3005,Ã¼berhÃ¶ren,,
3006,erhÃ¤rten,,
3007,auszulagern,,
3008,abwandern,,
3009,hervorhoben,,
3010,einbiegen,,
3011,nagen,,
3012,umschauen,,
3013,nachrÃ¼sten,,
3014,herantreten,,
3015,anschieben,,
3016,jap.en,,
3017,wetten,,
3018,verbÃ¼nden,,
3019,brauen,,
3020,ausstrecken,,
3021,umreeiÃŸen,,
3022,aufeinandertreffen,,
3023,baumeln,,
3024,kÃ¼nden,,
3025,rezipieren,,
3026,entmachten,,
3027,eintauschen,,
3028,pflichen,,
3029,hochladen,,
3030,abzocken,,
3031,Ã¼berhÃ¶hen,,
3032,fernhalten,,
3033,anschneiden,,
3034,wÃ¤rmen,,
3035,verwischen,,
3036,abschmettern,,
3037,ausschauen,,
3038,zutun,,
3039,aussen,,
3040,einwenden,,
3041,imitieren,,
3042,beschÃ¶nigen,,
3043,sporen,,
3044,stehenbleiben,,
3045,zurÃ¼ckmelden,,
3046,schrien,,
3047,herumlaufen,,
3048,weiterverfolgen,,
3049,zÃ¼cken,,
3050,ausgestoÃŸen,,
3051,zurÃ¼ckrufen,,
3052,implementieren,,
3053,synchronisieren,,
3054,angucken,,
3055,hetzen,,
3056,beÃ¤ugen,,
3057,einreihen,,
3058,reklamieren,,
3059,rÃ¤tseln,,
3060,hungern,,
3061,kundtun,,
3062,stauben,,
3063,Ã¼berschÃ¼tten,,
3064,lokalisieren,,
3065,aufblÃ¤hen,,
3066,beeilen,,
3067,konfiszieren,,
3068,sinnieren,,
3069,nachschlagen,,
3070,nachziehen,,
3071,revertieren,,
3072,einverleiben,,
3073,verachten,,
3074,erwÃ¼rgen,,
3075,durchatmen,,
3076,einblenden,,
3077,schnallen,,
3078,beuteln,,
3079,betÃ¤uben,,
3080,hinarbeiten,,
3081,pflichten,,
3082,fÃ¼r'sen,,
3083,einrahmen,,
3084,verkosen,,
3085,ranken,,
3086,ausfahren,,
3087,abzuklÃ¤ren,,
3088,nachreichen,,
3089,verfestigen,,
3090,erl.en,,
3091,weiterbilden,,
3092,verreisen,,
3093,aufbÃ¼rden,,
3094,vereinheitlichen,,
3095,kastrieren,,
3096,'nen,,
3097,prangern,,
3098,mitrechnen,,
3099,liquidieren,,
3100,vertrÃ¶sten,,
3101,postulieren,,
3102,entstellen,,
3103,absorbieren,,
3104,durchkommen,,
3105,herausputzen,,
3106,herauslÃ¶sen,,
3107,einklagen,,
3108,skandieren,,
3109,davontragen,,
3110,stÃ¶bern,,
3111,littln,,
3112,stutzen,,
3113,verschlÃ¼sseln,,
3114,abzurufen,,
3115,managen,,
3116,verzerren,,
3117,klemmen,,
3118,einpflanzen,,
3119,dÃ¤mmern,,
3120,verspeisen,,
3121,oln,,
3122,wÃ¼rgen,,
3123,zusenden,,
3124,zudecken,,
3125,vermachen,,
3126,schÃ¤nden,,
3127,wegfÃ¤llen,,
3128,bereiterklÃ¤ren,,
3129,aufzuzÃ¤hlen,,
3130,einbÃ¼ssen,,
3131,moren,,
3132,niederstechen,,
3133,vormerken,,
3134,heimsen,,
3135,vorbeigehen,,
3136,ausleuchten,,
3137,fortfahren,,
3138,abholzen,,
3139,abgeschoten,“ä,
3140,einstehen,,
3141,entwÃ¤ssern,,
3142,kommandieren,,
3143,abwerten,,
3144,betteln,,
3145,ablichten,,
3146,abladen,,
3147,anspielen,,
3148,herumkommen,,
3149,laborieren,,
3150,falten,,
3151,vorzufinden,,
3152,typischerweisen,,
3153,harren,,
3154,abdichten,,
3155,sieht'sen,,
3156,ausschliessen,,
3157,groÃŸgeschreiben,,
3158,beseeln,,
3159,heraushalten,,
3160,aufschÃ¼tten,,
3161,herholen,,
3162,Ã¼berdauern,,
3163,entziffern,,
3164,herunterfahren,,
3165,massen,,
3166,zusammenrÃ¼cken,,
3167,miÃŸverstehen,,
3168,belaÃŸen,,
3169,reutern,,
3170,aufblasen,,
3171,verheimlichen,,
3172,sovalten,,
3173,radeln,,
3174,polarisieren,,
3175,ausgehebelen,,
3176,Ã¼berhasten,,
3177,umkippen,,
3178,drinstehen,,
3179,zusammenbauen,,
3180,hÃ¤mmern,,
3181,Ã¼bereinkommen,,
3182,entladen,,
3183,durchstarten,,
3184,aufbessern,,
3185,beerben,,
3186,hantieren,,
3187,zÃ¼chen,,
3188,zubilligen,,
3189,zugutekommen,,
3190,dazulernen,,
3191,egen,,
3192,abstrafen,,
3193,knicken,,
3194,unterreprÃ¤sentieren,,
3195,herausspielen,,
3196,erhaschen,,
3197,netzen,,
3198,it'sen,,
3199,rausgeschmeissen,,
3200,anzetteln,,
3201,erdulden,,
3202,partizipieren,,
3203,umreissen,,
3204,zerkratzen,,
3205,zurechtfinden,,
3206,torpedieren,,
3207,austeilen,,
3208,vervierfachen,,
3209,auferstehen,,
3210,verwehen,,
3211,zweckentfremden,,
3212,niederlaÃŸen,,
3213,herauslesen,,
3214,anstimmen,,
3215,durchschlagen,,
3216,vereinnahmen,,
3217,auf'sen,,
3218,hochhalten,,
3219,hinauskommen,,
3220,konsultieren,,
3221,tropfen,,
3222,autorisieren,,
3223,ausdÃ¼nnen,,
3224,verstossen,,
3225,strengen,,
3226,abgewanden,,
3227,willigen,,
3228,Ã¼berlaÃŸen,,
3229,aufgelockern,,
3230,unterbieten,,
3231,mitverfolgen,,
3232,einfÃ¤rben,,
3233,sÃ¤ttigen,,
3234,schmeiÃŸen,,
3235,mÃ¤hen,,
3236,einbrocken,,
3237,nachmachen,,
3238,huldigen,,
3239,gefangennehmen,,
3240,verhÃ¼llen,,
3241,seynen,,
3242,Ã¼berzeichnen,,
3243,umwidmen,,
3244,verdonnern,,
3245,verklÃ¤ren,,
3246,raven,,
3247,Ã¼berschulden,,
3248,verjÃ¼ngen,,
3249,einzubrechen,,
3250,einschleppen,,
3251,blamieren,,
3252,Ã¼berhÃ¤ufen,,
3253,durchschreiten,,
3254,aufdrÃ¼cken,,
3255,zehren,,
3256,schwellen,,
3257,schwappen,,
3258,Ã¼berragen,,
3259,verhÃ¶hnen,,
3260,verflechten,,
3261,ischen,,
3262,bewahrheiten,,
3263,gegensteuern,,
3264,eruieren,,
3265,verwÃ¤ssern,,
3266,neutralisieren,,
3267,bÃ¼ssen,,
3268,abbremsen,,
3269,witzeln,,
3270,lostreten,,
3271,vorzeigen,,
3272,trommeln,,
3273,ausdrucken,,
3274,amputieren,,
3275,anrÃ¼cken,,
3276,zuflieÃŸen,,
3277,ausreissen,,
3278,gehtsen,,
3279,verhehlen,,
3280,verunglimpfen,,
3281,wÃ¤ren,,
3282,abkommandieren,,
3283,fÃ¤chern,,
3284,zurÃ¼ckverfolgen,,
3285,vergewissern,,
3286,verbÃ¼ÃŸen,,
3287,sen,,
3288,nachrÃ¼cken,,
3289,abblasen,,
3290,dichten,,
3291,fernsehen,,
3292,zirkeln,,
3293,verunreinigen,,
3294,abberufen,,
3295,umtreiben,,
3296,umgekrempeln,,
3297,verengen,,
3298,weissen,,
3299,zurÃ¼ckerstatten,,
3300,Ã¼berlaufen,,
3301,durchforsten,,
3302,garnieren,,
3303,abfallen,,
3304,erfrieren,,
3305,wegkommen,,
3306,wÃ¤lzen,,
3307,huren,,
3308,referenzieren,,
3309,zusammenlegenn,,
3310,traktieren,,
3311,freihalten,,
3312,verschiessen,,
3313,mitentscheiden,,
3314,anstiften,,
3315,beben,,
3316,duschen,,
3317,hinterziehen,,
3318,kultur@dpaten,,
3319,elektrifizieren,,
3320,antrinken,,
3321,besprÃ¼hen,,
3322,beglÃ¼cken,,
3323,bewirten,,
3324,vergrÃ¶ssern,,
3325,heimkehren,,
3326,betrÃ¼ben,,
3327,anloben,,
3328,einnisten,,
3329,sanktionieren,,
3330,smoken,,
3331,mitansehen,,
3332,beiwohnen,,
3333,eingraben,,
3334,erstreiten,,
3335,verschiffen,,
3336,frauen,,
3337,aufblitzen,,
3338,abdrÃ¤ngen,,
3339,verstÃ¼mmeln,,
3340,zusammenstreichen,,
3341,heulen,,
3342,zurÃ¼ckbauen,,
3343,sausen,,
3344,manÃ¶vrieren,,
3345,enthaupen,,
3346,dÃ¼mpeln,,
3347,aufschlieÃŸen,,
3348,zÃ¼geln,,
3349,entweichen,,
3350,deutschland@dpaten,,
3351,schwelgen,,
3352,einschleusen,,
3353,abbekommen,,
3354,koennen,,
3355,hallen,,
3356,Â´en,,
3357,miÃŸachten,,
3358,nÃ¶ten,,
3359,stranden,,
3360,dancen,,
3361,dunkeln,,
3362,befehligen,,
3363,weismachen,,
3364,traumatisieren,,
3365,strÃ¤uben,,
3366,hefen,,
3367,mangele,,
3368,frz.en,,
3369,reinschreiben,,
3370,poltern,,
3371,frÃ¼hstÃ¼cken,,
3372,flimmern,,
3373,Ã¼berrumpeln,,
3374,exekutieren,,
3375,max.en,,
3376,erschliessen,,
3377,durchstehen,,
3378,geradestehen,,
3379,abschmecken,,
3380,modellieren,,
3381,denunzieren,,
3382,einfliessen,,
3383,herreissen,,
3384,wegstecken,,
3385,emeritieren,,
3386,applaudieren,,
3387,stauen,,
3388,durchleben,,
3389,vorgreifen,,
3390,abstÃ¼tzen,,
3391,hinkriegen,,
3392,recken,,
3393,hinhalten,,
3394,angeleiten,,
3395,aufwÃ¼hlen,,
3396,hinsehen,,
3397,entgegenstehen,,
3398,unterkriegen,,
3399,konterkarieren,,
3400,austrocknen,,
3401,abgeblocken,,
3402,nÃ¤herbringen,,
3403,veranlagen,,
3404,verbeissen,,
3405,zementieren,,
3406,erdrosseln,,
3407,umzingeln,,
3408,zurÃ¼ckfinden,,
3409,kristallisieren,,
3410,beschwichtigen,,
3411,aufzehren,,
3412,inspizieren,,
3413,dreschen,,
3414,vorherrschen,,
3415,erhÃ¤ngen,,
3416,einschmelzen,,
3417,Ã¼bergieÃŸen,,
3418,ed.en,,
3419,anrÃ¼hren,,
3420,men,,
3421,zubringen,,
3422,einschwÃ¶ren,,
3423,hinkommen,,
3424,aufheizen,,
3425,abstreiten,,
3426,einprÃ¤gen,,
3427,ausbringen,,
3428,anmuten,,
3429,festfahren,,
3430,wiederaufnehmen,,
3431,hinreissen,,
3432,kÃ¼ÃŸen,,
3433,krÃ¼mmen,,
3434,abschicken,,
3435,bÃ¼rgen,,
3436,drauflegen,,
3437,strafen,,
3438,boxen,,
3439,entfremden,,
3440,ankÃ¤mpfen,,
3441,bellen,,
3442,austrÃ¤umen,,
3443,zensieren,,
3444,untergliedern,,
3445,maÃŸen,,
3446,vorrÃ¼cken,,
3447,draufstehen,,
3448,abschÃ¼tteln,,
3449,reÃ¼ssieren,,
3450,anzapfen,,
3451,langen,,
3452,klarkommen,,
3453,dichtmachen,,
3454,regenerieren,,
3455,schneidern,,
3456,bekehren,,
3457,annektieren,,
3458,languagen,,
3459,stampfen,,
3460,missfallen,,
3461,abgespecken,,
3462,ausladen,,
3463,weggehen,,
3464,aufstauen,,
3465,vermiesen,,
3466,verzinsen,,
3467,hisen,,
3468,abgleichen,,
3469,knien,,
3470,umwerfen,,
3471,abwechseln,,
3472,gruppieren,,
3473,weiterverarbeiten,,
3474,zupfen,,
3475,zurÃ¼ckschrecken,,
3476,aufgestoÃŸen,,
3477,anklingen,,
3478,gmbh.en,,
3479,abflieÃŸen,,
3480,werkeln,,
3481,sprÃ¼hen,,
3482,destabilisieren,,
3483,verzahnen,,
3484,ausfechten,,
3485,auspfeifen,,
3486,disziplinieren,,
3487,zwischenlagern,,
3488,verplanen,,
3489,wiegeln,,
3490,rotieren,,
3491,zurÃ¼ckschlagen,,
3492,staren,,
3493,wiedererkennen,,
3494,offenhalten,,
3495,evaluieren,,
3496,kien,,
3497,zuwanden,,
3498,ernstgenommen,,
3499,tasten,,
3500,uns.en,,
3501,entwerten,,
3502,tappen,,
3503,hervortreten,,
3504,abtauchen,,
3505,rausgeworfen,,
3506,umtauschen,,
3507,aufdrehen,,
3508,herabgestufen,,
3509,normalisieren,,
3510,fluen,,
3511,ersinnen,,
3512,mitliefern,,
3513,alleinlassen,,
3514,auslachen,,
3515,beherzigen,,
3516,detail.en,,
3517,legalisieren,,
3518,sie'sen,,
3519,sÃ¤gen,,
3520,wurzeln,,
3521,abonnieren,,
3522,aufbahren,,
3523,verenden,,
3524,vollstopfen,,
3525,aufspringen,,
3526,verwanden,,
3527,philosophieren,,
3528,auskurieren,,
3529,transfermarken,,
3530,aussperren,,
3531,verpuffen,,
3532,freischalten,,
3533,unterbleiben,,
3534,einleben,,
3535,blinken,,
3536,verfÃ¼llen,,
3537,berichen,,
3538,eingrenzen,,
3539,einlaufen,,
3540,abringen,,
3541,adressieren,,
3542,absacken,,
3543,akquirieren,,
3544,gingsen,,
3545,wegzulassen,,
3546,editieren,,
3547,nachzeichnen,,
3548,vorladen,,
3549,frohlocken,,
3550,veredeln,,
3551,keimen,,
3552,weiterzukommen,,
3553,turnen,,
3554,daransetzen,,
3555,vorstoÃŸen,,
3556,aufdrÃ¤ngen,,
3557,tuen,,
3558,heraufbeschwÃ¶ren,,
3559,verstaÃŸen,,
3560,schlendern,,
3561,zurÃ¼ckgestufen,,
3562,abwÃ¤lzen,,
3563,dasein,,
3564,herausschneiden,,
3565,verjagen,,
3566,hervorgingen,,
3567,herauskristallisieren,,
3568,zurÃ¼ckstehen,,
3569,+1en,,
3570,abtreiben,,
3571,bewenden,,
3572,frisen,,
3573,bern,,
3574,beaufsichtigen,,
3575,iii.en,,
3576,sprinten,,
3577,angepÃ¶beln,,
3578,aufgehebeln,,
3579,ausgelaugen,,
3580,ordren,,
3581,absuchen,,
3582,hacken,,
3583,aufbrummen,,
3584,einverstehen,,
3585,auffrischen,,
3586,abzuschlassen,,
3587,einbehalten,,
3588,wegrÃ¤umen,,
3589,sondern,,
3590,zersplittern,,
3591,fabrizieren,,
3592,ausreden,,
3593,abbuchen,,
3594,vergieÃŸen,,
3595,auflassen,,
3596,nachfolgen,,
3597,eingeschlÃ¤fern,,
3598,durchfallen,,
3599,hervorbrachen,,
3600,aufpolieren,,
3601,stornieren,,
3602,wanken,,
3603,konvertieren,,
3604,erhÃ¶ren,,
3605,liberalisieren,,
3606,wehtun,,
3607,jucken,,
3608,beimischen,,
3609,beschleichen,,
3610,fehlschlagen,,
3611,dÃ¼nken,,
3612,auffressen,,
3613,einstreichen,,
3614,ouen,,
3615,filtern,,
3616,Ã¤.en,,
3617,titeln,,
3618,weiden,,
3619,stimulieren,,
3620,herbeigezogen,,
3621,patentieren,,
3622,randalieren,,
3623,lumpen,,
3624,einfassen,,
3625,weil'sen,,
3626,aufrÃ¼cken,,
3627,verblassen,,
3628,fontsizen,,
3629,hinauszÃ¶gern,,
3630,einheizen,,
3631,brausen,,
3632,einreden,,
3633,heiligen,,
3634,deklassieren,,
3635,drÃ¤ngeln,,
3636,verstimmen,,
3637,zugeloen,,
3638,vergaÃŸen,,
3639,Ã¼berladen,,
3640,vorrechnen,,
3641,sÃ¤ÃŸen,,
3642,genesen,,
3643,steht'sen,,
3644,einstechen,,
3645,f=falsen,,
3646,reporen,,
3647,entrinnen,,
3648,multiplizieren,,
3649,weiterbringen,,
3650,protokollieren,,
3651,umfahren,,
3652,plÃ¤tschern,,
3653,bedrucken,,
3654,posieren,,
3655,leaten,,
3656,groÃŸziehen,,
3657,hausen,,
3658,verklungen,,
3659,zischen,,
3660,zerstÃ¼ckeln,,
3661,altern,,
3662,beigeben,,
3663,anbraten,,
3664,durchtrennen,,
3665,herleiten,,
3666,indizieren,,
3667,abmildern,,
3668,mixen,,
3669,langgehen,,
3670,abwerben,,
3671,rinnen,,
3672,vorlagern,,
3673,zeihen,,
3674,anfeinden,,
3675,umtaufen,,
3676,hinblÃ¤ttern,,
3677,akkreditieren,,
3678,vorschweben,,
3679,angeln,,
3680,vergegenwÃ¤rtigen,,
3681,dÃ¼nnen,,
3682,huschen,,
3683,aufwÃ¤rmen,,
3684,zerrÃ¼ten,,
3685,geiÃŸeln,,
3686,heruntergekommen,,
3687,schuften,,
3688,entgegensehen,,
3689,aufreiben,,
3690,touchieren,,
3691,schuben,,
3692,entgleien,,
3693,giessen,,
3694,wegreissen,,
3695,befeuern,,
3696,feilgeboen,,
3697,wÃ¼hlen,,
3698,hervorzubringen,,
3699,huben,,
3700,ausdiskutieren,,
3701,erzÃ¼rnen,,
3702,digitalisieren,,
3703,wetteifern,,
3704,nachbilden,,
3705,heranwachsen,,
3706,intonieren,,
3707,rieseln,,
3708,durchfliessen,,
3709,vorgaukeln,,
3710,eingewickeln,,
3711,heraufsetzen,,
3712,perfektionieren,,
3713,einrÃ¼cken,,
3714,mir'sen,,
3715,ausrollen,,
3716,mobben,,
3717,posen,,
3718,verschleissen,,
3719,grauen,,
3720,schmettern,,
3721,harmonieren,,
3722,abfedern,,
3723,verschlimmern,,
3724,mÃ¼nzen,,
3725,prÃ¤sidieren,,
3726,dosieren,,
3727,vorspielen,,
3728,sprieÃŸen,,
3729,t.en,,
3730,grÃ¼beln,,
3731,vermengen,,
3732,beiziehen,,
3733,ummÃ¼nzen,,
3734,rudern,,
3735,placieren,,
3736,durchfahren,,
3737,hauchen,,
3738,Ã¼berlesen,,
3739,verfremden,,
3740,einpendeln,,
3741,aufscheinen,,
3742,kommt'sen,,
3743,verpfÃ¤nden,,
3744,ausschneiden,,
3745,aufsitzen,,
3746,nighen,,
3747,schwerfallen,,
3748,bummeln,,
3749,anklicken,,
3750,beistehen,,
3751,fruchen,,
3752,einkleiden,,
3753,bewachsen,,
3754,hinsetzen,,
3755,versickern,,
3756,begrÃ¼nen,,
3757,zusammenrechnen,,
3758,schelten,,
3759,abschauen,,
3760,abgeflachen,,
3761,zurÃ¼ckpfeifen,,
3762,politisieren,,
3763,verschwimmen,,
3764,wurmen,,
3765,durchschneiden,,
3766,umkreisen,,
3767,durchrechnen,,
3768,ersehen,,
3769,einebnen,,
3770,ausbaden,,
3771,vorgefallen,,
3772,gesunden,,
3773,hinwegsetzen,,
3774,knirschen,,
3775,deprimieren,,
3776,entleeren,,
3777,garnichen,,
3778,geloben,,
3779,assistieren,,
3780,istsen,,
3781,abspeisen,,
3782,mauern,,
3783,booksen,,
3784,weiterzubilden,,
3785,schrammen,,
3786,anreissen,,
3787,erschleichen,,
3788,komprimieren,,
3789,when,,
3790,wern,,
3791,verfÃ¼ttern,,
3792,trockengelegen,,
3793,raunen,,
3794,beglÃ¼ckwÃ¼nschen,,
3795,abgefallen,,
3796,ausnÃ¼tzen,,
3797,ichsen,,
3798,frisieren,,
3799,verhÃ¼ten,,
3800,zimmern,,
3801,imponieren,,
3802,poln,,
3803,weiterbauen,,
3804,ausrutschen,,
3805,maskieren,,
3806,entwaffnen,,
3807,zusammentreten,,
3808,hessen,,
3809,feilschen,,
3810,durchgreifen,,
3811,schmeicheln,,
3812,auszuhebeln,,
3813,scheeiÃŸen,,
3814,erleuchten,,
3815,nachstehen,,
3816,wo'sen,,
3817,pointieren,,
3818,fortbewegen,,
3819,mm.en,,
3820,eingemaueren,,
3821,befÃ¼llen,,
3822,scharen,,
3823,schikanieren,,
3824,hinausschieben,,
3825,nachzuahmen,,
3826,zurÃ¼ckdrehen,,
3827,zusammenlaufen,,
3828,gutgehen,,
3829,detonieren,,
3830,gallen,,
3831,schÃ¶nen,,
3832,siÃ¨cln,,
3833,bestreiken,,
3834,flanieren,,
3835,dampfen,,
3836,reimen,,
3837,reglementieren,,
3838,revolutionieren,,
3839,verzweigen,,
3840,tien,,
3841,refinanzieren,,
3842,befrieden,,
3843,kredenzen,,
3844,zurÃ¼ckreichen,,
3845,knabbern,,
3846,aufhellen,,
3847,ableisten,,
3848,taumeln,,
3849,anfressen,,
3850,abhauen,,
3851,gutheiÃŸen,,
3852,zusammengehÃ¶ren,,
3853,tatoren,,
3854,vorbeifÃ¼hren,,
3855,pflÃ¼cken,,
3856,abblitzen,,
3857,einschieben,,
3858,meiÃŸeln,,
3859,andaueren,,
3860,ermessen,,
3861,verscharren,,
3862,Ã¼berstimmen,,
3863,abzusenken,,
3864,anstreichen,,
3865,topen,,
3866,eingravieren,,
3867,rauszunehmen,,
3868,gem.en,,
3869,weiterlaufen,,
3870,umschichten,,
3871,abstatten,,
3872,==en,,
3873,auszuleben,,
3874,beipflichen,,
3875,versprÃ¼hen,,
3876,jeten,,
3877,aufgepaÃŸen,,
3878,graduieren,,
3879,kramen,,
3880,austreiben,,
3881,rasieren,,
3882,vorfahren,,
3883,fiaten,,
3884,styln,,
3885,avisieren,,
3886,gÃ¤ren,,
3887,aufzurichen,,
3888,fristen,,
3889,konfirmieren,,
3890,aufkochen,,
3891,einreiÃŸen,,
3892,schmoren,,
3893,vorbeifahren,,
3894,funken,,
3895,hinfahren,,
3896,einleuchten,,
3897,schmiegen,,
3898,rumoren,,
3899,lotsen,,
3900,verbiegen,,
3901,voraussehen,,
3902,bugsieren,,
3903,spanen,,
3904,sickern,,
3905,mitkommen,,
3906,zerfetzen,,
3907,outen,,
3908,einmieten,,
3909,zuschieben,,
3910,mitschreiben,,
3911,herunterspielen,,
3912,eintreiben,,
3913,negieren,,
3914,hÃ¤ngenbleiben,,
3915,anhaften,,
3916,hochleben,,
3917,zuschieÃŸen,,
3918,verflachen,,
3919,vorbeizuschauen,,
3920,einhÃ¼llen,,
3921,sondieren,,
3922,thunen,,
3923,ausspionieren,,
3924,entreissen,,
3925,vorarbeiten,,
3926,aussenden,,
3927,abpumpen,,
3928,sensen,,
3929,heften,,
3930,durchbringen,,
3931,verschrecken,,
3932,einsortieren,,
3933,queren,,
3934,unterwandern,,
3935,umfaÃŸen,,
3936,dahinterstecken,,
3937,verrÃ¼hren,,
3938,aufzufassen,,
3939,muen,,
3940,joggen,,
3941,besÃ¤ÃŸen,,
3942,ehelichen,,
3943,einschiessen,,
3944,versÃ¼ÃŸen,,
3945,''geschichen,,
3946,becausen,,
3947,totgeschweigen,,
3948,auszumerzen,,
3949,abschÃ¶pfen,,
3950,schaukeln,,
3951,dagegenhalten,,
3952,vorbeigekommen,,
3953,fallersleben,,
3954,emittieren,,
3955,zergehen,,
3956,verschleudern,,
3957,stempeln,,
3958,kontaminieren,,
3959,florieren,,
3960,pokern,,
3961,raschlen,,
3962,umrunden,,
3963,therapieren,,
3964,in'sen,,
3965,goutieren,,
3966,singln,,
3967,verteufeln,,
3968,schiefgelaufen,,
3969,wiederverwenden,,
3970,verbÃ¼rgen,,
3971,zusein,,
3972,anfÃ¼llen,,
3973,verfangen,,
3974,unterkÃ¼hlen,,
3975,flirten,,
3976,schÃ¤umen,,
3977,wegfahren,,
3978,belehnen,,
3979,aufschneiden,,
3980,verdenken,,
3981,staten,,
3982,g.en,,
3983,angeraten,,
3984,umstÃ¼rzen,,
3985,gleichmachen,,
3986,j.en,,
3987,einmarschieren,,
3988,zurÃ¼ckkaufen,,
3989,umstimmen,,
3990,checken,,
3991,du'sen,,
3992,nachzahlen,,
3993,versterben,,
3994,reproduzieren,,
3995,nachspielen,,
3996,kapern,,
3997,begehren,,
3998,injizieren,,
3999,'nichen,,
4000,morden,,
4001,stammeln,,
4002,zeitigen,,
4003,ausschlachten,,
4004,ausmerzen,,
4005,glitzern,,
4006,zusperren,,
4007,aufgebauschen,,
4008,balancieren,,
4009,ordinieren,,
4010,verscherbeln,,
4011,zusammenfÃ¤llen,,
4012,herrÃ¼hren,,
4013,Ã¼berlisen,,
4014,fernbleiben,,
4015,resignieren,,
4016,anstrahlen,,
4017,hineingeboren,,
4018,aufreeiÃŸen,,
4019,mitfeiern,,
4020,auszufallen,,
4021,zurÃ¼ckfordern,,
4022,moody'sen,,
4023,kidnappen,,
4024,heraussuchen,,
4025,aufrechen,,
4026,ergieÃŸen,,
4027,zusammenfallen,,
4028,spornen,,
4029,durchdrÃ¼cken,,
4030,ausprÃ¤gen,,
4031,againen,,
4032,Â-en,,
4033,durchkreuzen,,
4034,doubln,,
4035,abfassen,,
4036,vergolden,,
4037,grassieren,,
4038,pusen,,
4039,morsen,,
4040,hochfahren,,
4041,Ã¼berspielen,,
4042,angestacheln,,
4043,mitlaufen,,
4044,abmagern,,
4045,einzuhauchen,,
4046,#NAME?,,
4047,durchwÃ¼hlen,,
4048,nachahmen,,
4049,abordnen,,
4050,verallgemeinern,,
4051,tappern,,
4052,zurÃ¼ckbekommen,,
4053,abstammen,,
4054,auszuschÃ¼ten,,
4055,aufgeschlitzen,,
4056,inhalten,,
4057,durchgesickern,,
4058,reinkommen,,
4059,zerstochen,,
4060,nachdrucken,,
4061,funkeln,,
4062,entfesseln,,
4063,gabsen,,
4064,erniedrigen,,
4065,anschwellen,,
4066,beklatschen,,
4067,glÃ¼hen,,
4068,poinen,,
4069,hÃ¤ten,,
4070,zerkleinern,,
4071,hergeleiten,,
4072,kaputtmachen,,
4073,umhÃ¼llen,,
4074,einwilligen,,
4075,abwÃ¼rgen,,
4076,thingen,,
4077,verlorengehen,,
4078,schiehen,,
4079,verarmen,,
4080,nachhelfen,,
4081,verkleben,,
4082,zuknÃ¶pfen,,
4083,weglaufen,,
4084,vollfÃ¼hren,,
4085,terrorisieren,,
4086,festzurren,,
4087,tabuisieren,,
4088,aushÃ¤ngen,,
4089,mannen,,
4090,koalieren,,
4091,antragen,,
4092,kentern,,
4093,umkrempeln,,
4094,vorÃ¼bergehen,,
4095,spuken,,
4096,lÃ¤utern,,
4097,aufzubereien,,
4098,schaÃŸen,,
4099,lichten,,
4100,hinzugewinnen,,
4101,gleichziehen,,
4102,sabotieren,,
4103,spezifizieren,,
4104,durchreichen,,
4105,guttun,,
4106,frankfuren,,
4107,befugen,,
4108,trachten,,
4109,daehren,,
4110,parodieren,,
4111,sinnen,,
4112,offenstehen,,
4113,flehen,,
4114,Ã¼berkommen,,
4115,umsorgen,,
4116,herausziehen,,
4117,fraÃŸen,,
4118,auftrumpfen,,
4119,abkupfern,,
4120,nÃ¤herkommen,,
4121,goarshausen,,
4122,angebÃ¤ren,,
4123,garen,,
4124,niederschiessen,,
4125,shoppen,,
4126,lÃ¤stern,,
4127,kÃ¶dern,,
4128,ertrÃ¤nken,,
4129,auszuscheiden,,
4130,losfahren,,
4131,zufallen,,
4132,aufspalten,,
4133,niederstrecken,,
4134,verschrÃ¤nken,,
4135,abzuhandeln,,
4136,ausaren,,
4137,entgegenstellen,,
4138,aufwirbeln,,
4139,hinwirken,,
4140,zwÃ¤ngen,,
4141,zÃ¤hmen,,
4142,bekanntmachen,,
4143,festzumachen,,
4144,gefrieren,,
4145,rosen,,
4146,angefreunden,,
4147,rausholn,,
4148,verzehnfachen,,
4149,ital.en,,
4150,abfÃ¤lschen,,
4151,ausstoÃŸen,,
4152,hinterherlaufen,,
4153,verflÃ¼chtigen,,
4154,abmahnen,,
4155,vergeuden,,
4156,Ã¼berschneiden,,
4157,reicht'sen,,
4158,bezwecken,,
4159,zuenden,,
4160,auszuleihen,,
4161,deckeln,,
4162,breitgemachen,,
4163,aushebeln,,
4164,hervorgeholn,,
4165,herumfÃ¼hren,,
4166,hochstilisieren,,
4167,implantieren,,
4168,verleben,,
4169,schloÃŸen,,
4170,rahmen,,
4171,ausspÃ¤hen,,
4172,weitern,,
4173,umhÃ¤ngen,,
4174,karren,,
4175,akzentuieren,,
4176,einzuteilen,,
4177,einheben,,
4178,auserwÃ¤hlen,,
4179,verbilligen,,
4180,unterbewerten,,
4181,wegbrechen,,
4182,kurieren,,
4183,wundert'sen,,
4184,nahebringen,,
4185,ausgehecken,,
4186,standardisieren,,
4187,durchsehen,,
4188,zurechtzukommen,,
4189,zurÃ¼ckzufahren,,
4190,bearben,,
4191,jingln,,
4192,harmonisieren,,
4193,ansuchen,,
4194,einkesseln,,
4195,stehenlassen,,
4196,bereden,,
4197,sourcen,,
4198,saufen,,
4199,mitkriegen,,
4200,aufmarschieren,,
4201,zuvorgekommen,,
4202,umlagern,,
4203,auskoppeln,,
4204,hochgehen,,
4205,Ã¤chzen,,
4206,einheimsen,,
4207,abmachen,,
4208,kontrastieren,,
4209,vorangeschreiden,,
4210,kitten,,
4211,zirkulieren,,
4212,Ã¼berflÃ¼geln,,
4213,weiterziehen,,
4214,angedeihen,,
4215,anprangern,,
4216,erden,,
4217,abgestufen,,
4218,covern,,
4219,Ã¼berfrachen,,
4220,abgesaugen,,
4221,freikommen,,
4222,losschicken,,
4223,dranbleiben,,
4224,univ.en,,
4225,verschmÃ¤hen,,
4226,versiegen,,
4227,hintergangen,,
4228,zumauern,,
4229,jonglieren,,
4230,kaputtgemachen,,
4231,verfluchen,,
4232,bestreuen,,
4233,verpflanzen,,
4234,vorgestoÃŸen,,
4235,beschwingen,,
4236,schwanen,,
4237,zusammenschliessen,,
4238,einschelten,,
4239,coachen,,
4240,einvernehmen,,
4241,entgleisen,,
4242,femmen,,
4243,flicken,,
4244,igsen,,
4245,Ã¼bertreten,,
4246,zz.en,,
4247,gern,,
4248,verdÃ¼nnen,,
4249,bespitzeln,,
4250,durcharbeiten,,
4251,abgesÃ¤gen,,
4252,eingezÃ¤unen,,
4253,summen,,
4254,abzÃ¤hlen,,
4255,mahlen,,
4256,auftÃ¼rmen,,
4257,ernÃ¼chtern,,
4258,zusammenstehen,,
4259,einlenken,,
4260,vervielfachen,,
4261,amen,,
4262,tut'sen,,
4263,poven,,
4264,vorbestellen,,
4265,umladen,,
4266,zuzumachen,,
4267,loszulassen,,
4268,beschildern,,
4269,chauffieren,,
4270,immatrikulieren,,
4271,hineinschreiben,,
4272,veroren,,
4273,automatisieren,,
4274,entzÃ¼cken,,
4275,umgehÃ¶ren,,
4276,vorzutÃ¤uschen,,
4277,entwachsen,,
4278,steckenbleiben,,
4279,purzeln,,
4280,granden,,
4281,zuschulden,,
4282,horen,,
4283,ballen,,
4284,nachzusehen,,
4285,kanalisieren,,
4286,untertreiben,,
4287,rentieren,,
4288,weiterzugehen,,
4289,abgewunken,,
4290,Ã¼bertrumpfen,,
4291,withen,,
4292,hÃ¶hr-grenzhausen,,
4293,aufgefallen,,
4294,verdunkeln,,
4295,kategorisieren,,
4296,abzustaten,,
4297,flechten,,
4298,abspeichern,,
4299,zusammenschweiÃŸen,,
4300,abgezocken,,
4301,entgegenhalten,,
4302,konzertieren,,
4303,klappern,,
4304,zerreiben,,
4305,hofieren,,
4306,iben,,
4307,instandgesetzen,,
4308,unterentwickeln,,
4309,mitzufahren,,
4310,aufschliessen,,
4311,umverteilen,,
4312,erwÃ¤hlen,,
4313,ausschlafen,,
4314,verheizen,,
4315,dimensionieren,,
4316,/booksen,,
4317,sprache=en,,
4318,sampln,,
4319,krÃ¤hen,,
4320,ausbaggern,,
4321,zupacken,,
4322,abraten,,
4323,mitschleifen,,
4324,rauslassen,,
4325,hinausgeworfen,,
4326,zuzugreifen,,
4327,davonlaufen,,
4328,anzufÃ¼gen,,
4329,gest.en,,
4330,auszublenden,,
4331,verheilen,,
4332,geschahen,,
4333,mÃ¶chen,,
4334,heeeiÃŸen,,
4335,weeeiÃŸen,,
4336,schmeeeiÃŸen,,
4337,glÃ¤en,,
4338,umreeeiÃŸen,,
4339,abgeschoen,,
4340,zuwinden,,
4341,scheeeiÃŸen,,
4342,jen,,
4343,aufreeeiÃŸen,,
4344,hÃ¤en,,