0,nochmals
1,und
2,daß
3,wie
4,doch
5,heute
6,auch
7,insbesondere
8,sicher
9,erst
10,wenn
11,um
12,sehr
13,durchaus
14,damit
15,dann
16,erneut
17,zwar
18,ob
19,möglich
20,lediglich
21,genau
22,leider
23,bereits
24,selbst
25,jedoch
26,stets
27,ganz
28,immer
29,wieder
30,hier
31,deutlich
32,nun
33,aber
34,so
35,weil
36,wirklich
37,gerade
38,nur
39,bereit
40,zunächst
41,dafür
42,tatsächlich
43,dennoch
44,jetzt
45,nach
46,vor
47,denn
48,deshalb
49,dort
50,warum
51,weshalb
52,wed
53,noch
54,statt
55,völlig
56,darauf
57,da
58,schon
59,etwas
60,äußerst
61,sogar
62,also
63,bisher
64,sowi
65,als
66,somit
67,daran
68,wobei
69,dazu
70,ode
71,darüb
72,darin
73,mehr
74,andererseits
75,dah
76,bzw.
77,ja
78,sondern
79,eben
80,gar
81,gleichzeitig
82,gemeinsam
83,richtig
84,nämlich
85,darum
86,davon
87,vielleicht
88,morgen
89,klar
90,natürlich
91,bess
92,erstens
93,gerecht
94,ohn
95,zweitens
96,sowohl
97,drittens
98,ind
99,ein
100,oft
101,wo
102,dadurch
103,gut
104,wichtig
105,viel
106,möglichst
107,allein
108,fest
109,daher
110,eigentlich
111,selbstverständlich
112,erforderlich
113,beispielsweise
114,ebenso
115,weiter
116,offensichtlich
117,außerd
118,gegenwärtig
119,dar
120,allerdings
121,voll
122,etwa
123,kurz
124,zweifellos
125,abschließend
126,besonders
127,weniger
128,dabei
129,neu
130,weit
131,weiterhin
132,einmal
133,endlich
134,ebenfalls
135,eindeutig
136,sicherlich
137,schließlich
138,überhaupt
139,stark
140,obwohl
141,zumindest
142,hin
143,notwendig
144,wohl
145,bekannt
146,während
147,zudem
148,spät
149,künftig
150,derzeit
151,einfach
152,stärk
153,recht
154,fast
155,vielmehr
156,nachd
157,unbedingt
158,gestern
159,bis
160,bewußt
161,schnell
